1,tlehrian0,hashwin0@t-online.de,vz6vSU2Ltze,2017-07-31 10:01:32
2,tfarrar1,hsutherel1@ameblo.jp,ZOtZw96pqRAs,2017-06-16 15:21:12
3,iyakovlev2,bbezemer2@linkedin.com,SDlCRrPVi6MR,2016-10-02 09:45:04
4,qderobert3,rtruckell3@plala.or.jp,tUvrP74,2017-07-07 07:55:06
5,dcossell4,borro4@bandcamp.com,Iz0BuojOY,2017-06-22 01:35:37
6,rdicty5,krijkeseis5@sina.com.cn,S2fwWmMc0Qg,2017-02-08 20:28:15
7,llusted6,mgalbraith6@t-online.de,d4naUJFCpx,2016-12-07 09:29:41
8,wgillis7,krobertson7@digg.com,In6oNhJwrn0M,2016-12-22 10:35:51
9,sbarke8,bmccourt8@nasa.gov,7rNVDOvvRPQ,2017-02-02 17:45:58
10,kpoulson9,tmcdermid9@scientificamerican.com,nn2a4wWgO,2017-06-01 07:00:36
11,mepiscopioa,phorta@squidoo.com,cq8klNOzBS,2017-01-19 09:01:14
12,selderkinb,ssheeranb@tiny.cc,nGz7AukmRBp,2017-05-11 05:02:34
13,inewlanc,brosanderc@ycombinator.com,dlhbNUnrp,2016-12-21 06:02:56
14,hespinod,sphillpotd@blogger.com,57EdwrcIeSu,2017-05-19 18:20:53
15,mbolleye,bmuckloee@pinterest.com,3FOMZR5ZZi,2017-06-03 22:34:16
16,rclausnerf,hthaxtonf@unicef.org,qfzc4rgVyw0,2016-12-31 12:23:54
17,mwilkennsong,bsearleg@e-recht24.de,eRUxX3a,2016-09-27 14:11:04
18,jsillarsh,bdeperoh@comsenz.com,PGgnvxax,2016-08-12 13:41:40
19,mcornfieldi,xandriessei@bloglines.com,YmXzcpVOF,2017-05-30 07:21:00
20,aiwanickij,wolifardj@mail.ru,0H7C6CF,2017-05-09 13:05:19
21,gcapink,bfranceschellik@purevolume.com,FwX2Y3,2017-05-20 04:17:05
22,emazeyl,ccootesl@nymag.com,X9nnIJpuyI,2017-06-26 21:03:22
23,kmcdellm,mdevonsm@parallels.com,j71KNk,2017-04-27 00:46:54
24,macastern,akeasyn@w3.org,PhJlC3oAvfJ,2016-10-02 11:23:19
25,acraiseo,vcaspero@vkontakte.ru,ziJgtLPqWmPc,2017-01-10 23:31:09
26,ljillionsp,lhalvorsenp@parallels.com,g5OslNf,2016-08-29 05:04:26
27,tbritcherq,ltomaschkeq@odnoklassniki.ru,N6UCrjdgmAc,2017-04-17 04:18:33
28,imattussevichr,rtrayhornr@cbc.ca,pHQsG1DQ,2017-01-25 11:43:53
29,gwoodcrofts,sbuntains@twitpic.com,YZsd0s1mf,2017-04-04 12:13:08
30,hharlet,btesyrot@wordpress.org,ZCQ5jblk5j,2017-01-12 05:59:21
31,tlaityu,eanthoniesu@meetup.com,PEGKeA,2016-10-01 16:08:01
32,alavignev,mandresv@un.org,NEgBj5nWpm,2017-01-10 10:21:15
33,mborrisw,abarrottw@springer.com,EonkqNSG,2016-10-15 04:03:00
34,rosheerinx,tosipenkox@wix.com,pCiLiNJ,2017-03-13 06:52:46
35,hravelusy,adunbletony@studiopress.com,cRZgW2u,2017-02-22 06:59:55
36,agerattz,lfallaz@wikipedia.org,wGH0qheB4Qb,2017-04-24 02:06:43
37,fantonnikov10,fscobie10@cornell.edu,9deyp4,2017-05-19 02:56:15
38,hbursnell11,awilletts11@eventbrite.com,BOPxqCJsQ,2017-05-11 16:35:08
39,mhallt12,ktarry12@jalbum.net,QZsHwzM8mF,2016-10-11 01:57:29
40,bfontel13,tbeamond13@usda.gov,PLsCFLMyeFF,2017-04-05 16:30:50
41,cdyne14,flawlance14@google.co.jp,I3SVFRJIC,2017-01-01 11:20:37
42,mvodden15,bruperti15@scientificamerican.com,KPqwtwtrVAT,2016-11-30 18:18:50
43,cberndsen16,lportail16@webmd.com,FG6c6QorWtC,2017-06-17 05:14:50
44,ayter17,svoce17@patch.com,uOgP6Wc,2017-04-14 13:22:12
45,msaxelby18,rishaki18@dedecms.com,tvzurQY9k,2016-10-25 08:46:36
46,aayers19,vbrazear19@engadget.com,Ww8smZKf,2016-12-07 14:07:12
47,kcragoe1a,lsiegertsz1a@kickstarter.com,2kSZFvDVtk,2017-05-16 05:08:33
48,jseywood1b,wjerdan1b@google.com.hk,HMcBBZXZd,2016-11-10 16:33:55
49,jflute1c,lcornewell1c@va.gov,oNaXkl,2016-12-28 02:23:32
50,fwinkell1d,pgoodayle1d@bigcartel.com,hcH5uNrS,2017-04-10 05:43:15
51,ldictus1e,egorges1e@virginia.edu,Ys2d0WdIs2g,2016-11-22 21:01:26
52,mwillmetts1f,abirks1f@ocn.ne.jp,Ru30TC831T,2017-02-02 17:24:04
53,ftownend1g,ebrattan1g@purevolume.com,DWmSBSt,2017-01-22 03:57:46
54,jbritto1h,alewing1h@apache.org,xVGFr94p,2016-11-04 18:40:00
55,roxenham1i,pzanardii1i@marriott.com,Yk7YHfmhx,2017-04-22 07:57:20
56,edjekovic1j,xblacklawe1j@intel.com,L8ZPDrfbx,2016-09-22 10:22:58
57,skleingrub1k,dnaisbitt1k@theguardian.com,XZPfpXcQW81,2017-07-15 19:56:43
58,jpalk1l,cdaton1l@mac.com,PNTFLTT02KK,2016-08-14 11:40:57
59,nmeredyth1m,rvarga1m@rambler.ru,Kcs9SbGf,2017-04-06 02:11:52
60,hgabitis1n,jalliberton1n@privacy.gov.au,XxIV0L,2017-02-12 22:04:06
61,atremeer1o,llamperd1o@wunderground.com,a77Dkkl,2017-04-14 14:44:24
62,jchiplin1p,fpennings1p@seesaa.net,gqqcnpDKOx,2016-11-13 05:23:04
63,jsare1q,bdods1q@omniture.com,EupXh8XnR,2017-07-21 02:01:17
64,ralberti1r,fkelsow1r@wp.com,pC5OjojJCx,2017-01-12 08:04:31
65,tprobet1s,dboc1s@state.gov,TAuinzM6Q5S,2016-10-03 16:03:11
66,nswaffield1t,afassman1t@bloomberg.com,9yWr1d,2016-11-10 07:22:00
67,jdonan1u,hbrauninger1u@apple.com,zBMAXnXEO0B,2016-10-13 10:47:44
68,emullan1v,evampouille1v@tumblr.com,cmkma5KLSPM,2017-05-18 14:54:29
69,pportis1w,ppeak1w@wp.com,rfwk21Jrlx7,2017-05-08 02:32:19
70,mcharlot1x,ebehrendsen1x@nbcnews.com,Ot9oQH,2016-08-20 04:37:43
71,atarry1y,bkeady1y@boston.com,diycW8B,2016-12-24 21:06:25
72,clingley1z,omatteucci1z@tripod.com,PWNX1rb6A,2017-01-17 03:42:41
73,ggoforth20,sbrendish20@bbc.co.uk,eQf5LqF,2016-12-24 00:49:40
74,elongega21,mmanuaud21@blogspot.com,mVfIeN,2017-03-07 14:40:27
75,mtoothill22,ctowlson22@zimbio.com,7BQJx8W6k,2017-04-22 00:17:29
76,wsummerskill23,hmarnes23@ocn.ne.jp,FNAOxHiSELch,2016-11-18 11:46:00
77,mmaffulli24,aaymerich24@tamu.edu,tXGzBgF0qpl4,2016-08-13 23:31:29
78,ufelgat25,lmerchant25@slideshare.net,e6Jien7,2016-10-04 22:01:53
79,mpybus26,csainsburybrown26@ning.com,iONrl7zd27,2017-07-29 03:42:49
80,pgawthorp27,ajan27@yolasite.com,mKGQODYA,2017-08-03 11:38:58
81,aocleary28,khick28@booking.com,W93qU4x,2017-03-18 14:27:24
82,seaslea29,rlambertazzi29@theatlantic.com,zFq0IRXo,2017-06-19 17:52:07
83,kgauch2a,sgumly2a@wordpress.com,hcIOKoN,2016-12-23 21:20:37
84,jenright2b,cgebbie2b@ow.ly,j57wQM,2016-10-04 18:55:17
85,iroycroft2c,bwagg2c@scribd.com,9SakUa,2017-01-26 22:05:44
86,alaurenz2d,lscoyne2d@patch.com,7Y8lFiAt3v9G,2017-04-25 12:56:02
87,tcaller2e,cabthorpe2e@wikia.com,RDwJSWCogOD,2017-05-16 14:46:46
88,alittlepage2f,kbillyeald2f@redcross.org,8XCJkUx8,2017-02-09 01:59:06
89,adani2g,gstringer2g@nasa.gov,RJSCgh,2016-11-04 12:57:45
90,fstyant2h,alowndsborough2h@yellowpages.com,yMj43SOI,2017-07-04 06:06:40
91,ahendron2i,gbrennenstuhl2i@networkadvertising.org,wqGEIh,2017-02-22 04:00:17
92,lcrompton2j,vhaack2j@typepad.com,w071pBp8,2017-06-19 01:26:52
93,qboddam2k,cerik2k@indiegogo.com,rgm4zR,2017-07-27 22:18:09
94,rbangley2l,mnockolds2l@prnewswire.com,oVH5UC7,2016-08-24 03:10:44
95,jgiddins2m,ptriggle2m@t-online.de,53h7kqyEYB,2016-10-02 05:36:42
96,hbould2n,estackbridge2n@ucsd.edu,XhgI61qZg,2017-02-02 04:04:26
97,tconen2o,cashborn2o@ca.gov,0ZIxHBlBODr,2017-02-26 10:00:04
98,mweavill2p,wcreswell2p@cdbaby.com,ggbHsHN2De,2016-09-14 16:30:13
99,bpatterfield2q,bchicco2q@nyu.edu,urKyQcPLUS,2016-12-04 13:58:10
100,fhollows2r,kcandey2r@a8.net,l9bccm6S7xD,2016-09-01 14:54:57
101,fschruyers2s,kkorneev2s@freewebs.com,R6rnoEKnP2fE,2017-01-10 06:39:09
102,cthorneloe2t,lwalley2t@home.pl,1mgvq3x,2016-12-26 13:42:11
103,marnoll2u,ecurrall2u@google.com.hk,gEPtMV,2017-02-21 14:55:42
104,tbamsey2v,ktomsen2v@desdev.cn,mOHb6iDQlyV,2017-06-23 17:47:54
105,msympson2w,wrickerd2w@umich.edu,RKP6BvdV0voi,2016-08-23 13:10:53
106,cscrivener2x,ehalpin2x@mapquest.com,sWjnCKqbNis,2017-05-29 17:12:14
107,scanellas2y,lesgate2y@topsy.com,2EmGTbmY,2017-07-17 04:21:49
108,hhudd2z,beddie2z@seesaa.net,vtbHi0aLBj1Q,2017-06-03 11:18:06
109,tworsley30,dambrozewicz30@ca.gov,LkCO6Kbh,2016-08-19 19:29:12
110,gdwine31,ksemarke31@adobe.com,WrJj6PVGEW,2017-03-28 06:32:25
111,elooby32,eschleicher32@live.com,Gcmtjm,2017-08-02 14:29:35
112,dlabrum33,mkrzysztofiak33@ezinearticles.com,EYVIQH,2016-12-01 08:12:36
113,mbullocke34,hiskower34@purevolume.com,8jj51fMB48l,2016-11-21 16:54:15
114,hhakes35,csimakov35@mozilla.com,6zkzgp9c,2016-09-08 06:04:21
115,faxten36,msutor36@marketwatch.com,HIPhPGFgFkZ0,2017-05-26 20:51:00
116,ddaynter37,sburgett37@walmart.com,lzPQa7Tyo,2017-07-12 07:13:27
117,vmcdunlevy38,mthams38@wunderground.com,BA4IQ8NDSTe,2016-12-01 12:36:17
118,ccarbery39,qferris39@examiner.com,EM56hDIPSeg,2017-01-30 05:19:46
119,mlande3a,lcharlwood3a@acquirethisname.com,9j5Oydclza,2017-07-18 12:17:36
120,mshenton3b,jleadbitter3b@ihg.com,TOO99TAF8eyw,2017-04-10 21:49:04
121,kbolter3c,oerik3c@nbcnews.com,iIfKydxEAgUn,2017-03-04 08:16:43
122,kjaquet3d,avarey3d@google.co.uk,sytWaav2,2017-03-14 04:46:05
123,lbeddow3e,awillmot3e@wordpress.com,qmvoY5lDLzmk,2017-06-20 12:32:08
124,tbleby3f,prouthorn3f@gravatar.com,5Wyme441aV,2017-01-27 11:30:04
125,hdelacoste3g,aluetchford3g@examiner.com,fuNTotC,2017-02-15 19:05:32
126,ccristofari3h,csquire3h@ibm.com,frJjRBeirSb,2016-08-24 16:00:04
127,tsapir3i,sdunk3i@so-net.ne.jp,gtkZm9gWhR,2016-12-06 20:20:42
128,rbedin3j,pleyburn3j@mayoclinic.com,khACNGr,2016-11-11 16:35:01
129,dgreathead3k,kfranciotti3k@bandcamp.com,6lNalqRQ,2017-07-23 07:37:30
130,agerish3l,bbavridge3l@gravatar.com,m07yCXOU62,2016-08-24 04:37:19
131,umuzzall3m,cconstant3m@deliciousdays.com,6TV5f3y,2017-06-09 18:07:15
132,cvogt3n,cvaughan3n@whitehouse.gov,O6JYCE7z,2016-08-24 14:11:06
133,bfrugier3o,rhazeup3o@ameblo.jp,gDwouRb8,2016-10-16 15:33:39
134,gmarqyes3p,aeberts3p@loc.gov,iWFD8Ev,2017-07-28 10:32:16
135,tgrouse3q,bgilchrist3q@theguardian.com,gpFseK,2017-02-27 04:19:06
136,cblandamere3r,wlassetter3r@nymag.com,d5rKRft,2016-08-26 01:59:49
137,rprimarolo3s,hkimmel3s@sogou.com,zU16e29p1bL,2017-01-18 22:54:35
138,rblock3t,sgoulden3t@ucla.edu,SkSgxyonctuW,2017-06-17 09:54:41
139,bpember3u,gfavela3u@samsung.com,mJK9gRymBu,2017-06-12 19:18:16
140,gterron3v,ahubbins3v@wikia.com,d2JRtcA,2016-08-23 18:34:28
141,jsporle3w,lblackford3w@state.tx.us,obn2zIe,2017-07-22 19:16:15
142,gdrewes3x,dfittes3x@altervista.org,SV6Qxw,2017-03-14 22:20:01
143,ineathway3y,rcicconettii3y@bbc.co.uk,akxOJDR,2016-11-04 08:06:37
144,astuke3z,malmey3z@xrea.com,nHfr7Fv,2017-06-20 10:48:53
145,mscarff40,rrosenblath40@intel.com,o8rN9Q,2017-07-29 13:39:54
146,apepon41,lwither41@theglobeandmail.com,YsgdsgQsDb5S,2016-09-12 04:32:21
147,dpeller42,cklemke42@chron.com,Hq3YVVOr,2017-04-07 13:16:34
148,ktabour43,obaumadier43@yahoo.co.jp,BuEDQW5WLcOp,2017-01-12 15:17:56
149,gantony44,bgaythor44@fema.gov,85RhHJby,2016-12-05 21:33:09
150,ayitzowitz45,krickasse45@hhs.gov,2RiokXDZI,2016-11-13 11:05:19
151,aveltmann46,pmurrow46@usgs.gov,VLJmKkfdLw,2017-07-18 02:46:00
152,bbedow47,eshillam47@java.com,ArrsuA7C,2016-08-31 03:20:01
153,bharyngton48,pgiamitti48@yellowbook.com,07YxYj9UM,2016-10-25 02:20:19
154,lmariot49,bpedican49@friendfeed.com,I03fPR,2017-08-06 13:57:05
155,hcarss4a,idodshun4a@ca.gov,stlahe4I1,2016-12-08 01:41:22
156,dorrill4b,sgillison4b@europa.eu,GC1YdB19r,2017-08-08 06:56:55
157,msymes4c,osteagall4c@newsvine.com,yFR5zuM,2016-11-13 17:27:46
158,askule4d,phousego4d@howstuffworks.com,F2SDD2ksgb,2016-11-02 22:02:41
159,avennard4e,amcnish4e@zimbio.com,GjAHVds,2017-04-10 18:33:59
160,bmcquarter4f,egarrud4f@nps.gov,180fKm2RU,2017-01-11 17:59:20
161,dsnowman4g,sblore4g@sfgate.com,DUESEd7N4P,2016-12-16 07:18:11
162,aearland4h,rcarleman4h@webs.com,8VRBawbkd,2017-03-21 22:14:08
163,mrowat4i,svreiberg4i@unesco.org,ulHKA8r,2016-11-06 23:43:59
164,hwormleighton4j,tkruschev4j@fastcompany.com,ryk25g1oTfst,2016-09-12 15:43:38
165,iczaja4k,rcosten4k@instagram.com,LBdTUC,2017-06-01 18:30:30
166,bblythe4l,cfogel4l@nymag.com,HYtE6Q6s,2017-01-20 05:17:20
167,mslade4m,bdubber4m@pagesperso-orange.fr,64APAoFEu,2016-09-05 06:34:43
168,tlamberteschi4n,bedlyn4n@state.tx.us,VQ9DGQ,2016-10-19 04:11:10
169,aattow4o,tgrinston4o@dot.gov,qgT31C89zBhu,2017-05-17 07:09:05
170,esessions4p,doflannery4p@mysql.com,wl749PgdjA,2017-01-01 07:23:38
171,ktaylo4q,mnoell4q@ask.com,3X9RiU0wy,2017-02-14 22:49:16
172,kantonellini4r,snaton4r@ebay.co.uk,Gm0rCm,2016-09-30 23:20:09
173,dronchka4s,sheinrich4s@instagram.com,ghMJT19,2016-12-06 12:28:50
174,phanigan4t,ginnott4t@buzzfeed.com,fxy9SoN0RQgj,2017-03-12 05:40:09
175,bstiegers4u,bvoyce4u@examiner.com,oA7BBNYk8,2017-05-13 03:49:56
176,vplews4v,qkibbye4v@epa.gov,eSzvyHTyY,2017-06-03 18:36:46
177,nnaisey4w,msaulter4w@arstechnica.com,qeHQnQ,2017-05-20 22:16:52
178,hforsaith4x,pbattison4x@tripod.com,LOWL9SXG,2016-09-10 12:20:04
179,gbrendel4y,vfinlator4y@springer.com,GQNb0i9FX,2017-05-11 19:24:45
180,kstronach4z,awadesworth4z@livejournal.com,XuiW5Y,2017-06-11 17:17:22
181,alory50,omeneghelli50@behance.net,gkIBmc,2016-08-22 06:32:24
182,trayer51,mmongin51@msu.edu,QUzzthLYzsBn,2017-01-14 06:54:47
183,mponting52,mohickey52@weebly.com,BxDQHm,2016-11-24 14:12:22
184,bsink53,mkollatsch53@oracle.com,UTH3TIfiqfMM,2017-04-21 16:00:51
185,ewildin54,psheehan54@mapy.cz,qG4JHs5ZhAr,2017-01-30 14:09:04
186,icotilard55,mouthwaite55@google.es,NAVQ0ZQt1hhO,2017-05-11 04:13:52
187,dulster56,oeilhersen56@wsj.com,AUqBbGr9gb,2017-03-21 21:51:52
188,cdenisot57,rarchambault57@wikispaces.com,xgzRT9,2017-04-17 16:24:49
189,mheisman58,dbreacher58@google.co.jp,VNdEv7T,2017-04-09 22:44:04
190,ssiegertsz59,tchupin59@ibm.com,HlUoIRg,2017-02-24 03:28:12
191,lgaudin5a,pchelsom5a@ning.com,zWUuO1yoQv,2017-08-04 13:17:57
192,ahundell5b,vmitchenson5b@marketwatch.com,d9b40Ykhd,2017-04-11 07:23:37
193,packery5c,dcremer5c@vinaora.com,mRpOyr1Nm,2017-06-07 05:20:00
194,jepdell5d,eluc5d@printfriendly.com,NKsnSfWJE,2017-06-09 12:59:19
195,lsellner5e,dwafer5e@vinaora.com,VkPJ5jkB,2017-02-24 04:57:17
196,mnelles5f,mmchan5f@nyu.edu,lXwgeq,2017-05-04 01:03:02
197,mtownson5g,efriman5g@mozilla.com,jKJl6ph6Op,2017-05-25 09:44:23
198,hwestern5h,tgagg5h@netvibes.com,P7VvLxz6,2016-10-26 15:42:52
199,rtillyer5i,mtittletross5i@omniture.com,ybWgfWL0ccvc,2017-06-14 16:25:11
200,mtippett5j,amauchlen5j@home.pl,fCWofBGT5,2017-03-14 04:58:50
201,fbarnsley5k,pdanielsen5k@go.com,neE2Zqqf1OB,2017-01-22 23:49:11
202,mtue5l,sjzak5l@marriott.com,yKDjK72,2017-07-22 07:11:55
203,jhaycraft5m,mkeat5m@accuweather.com,GbCvynAMo,2017-05-13 06:31:31
204,pbonanno5n,dgammade5n@woothemes.com,KOwN4c193Lmj,2017-07-30 13:43:01
205,acapel5o,mrevie5o@mail.ru,99qj5t,2017-06-27 12:09:50
206,cvallentin5p,kbynold5p@sina.com.cn,HANjwVwiDAQ,2017-01-01 16:37:16
207,wbendan5q,wmeas5q@etsy.com,pcuttLbIvVsP,2017-03-13 12:55:10
208,ttombleson5r,mbruni5r@livejournal.com,SPfOEEx,2017-03-06 02:11:16
209,wmurcott5s,chaining5s@freewebs.com,o7YR7Q8Ev,2017-02-27 07:34:03
210,glodden5t,gocurrigan5t@wordpress.com,y2yHZ0Yk,2016-12-05 16:11:15
211,bcohrs5u,iearngy5u@washington.edu,A5QeQlv,2017-05-15 13:21:09
212,cgamil5v,tdiehn5v@google.com.br,CuofHwlcBo,2017-07-07 13:54:21
213,cfarrar5w,sgouley5w@newsvine.com,KALl3zwtdo,2017-06-27 10:06:12
214,cthams5x,sklezmski5x@java.com,r93xamDnt,2017-03-24 16:26:27
215,mfrigot5y,sjorden5y@blogtalkradio.com,dGsBDt5,2016-10-18 16:09:03
216,ngerleit5z,atardiff5z@blinklist.com,mqVBgm,2017-04-19 12:23:11
217,eogborn60,cjordan60@opensource.org,qcJ7ko6gNU,2017-02-10 13:26:32
218,lpuxley61,jgisby61@tripod.com,4IUi8w8FvH,2017-01-14 21:34:33
219,bmatusovsky62,halliot62@ezinearticles.com,OtJVTUk6v,2016-08-31 15:52:53
220,dbeckford63,tseckington63@fda.gov,TkrVSt2No5t,2016-09-26 06:29:22
221,cbwy64,kcussins64@uol.com.br,YmecDSOd,2016-08-23 21:09:34
222,gjeratt65,ccollisson65@cornell.edu,feNJd6,2017-02-23 04:09:37
223,lpowis66,ewyness66@diigo.com,y7pNW2L6zoY,2017-05-07 16:17:20
224,acutteridge67,hclatworthy67@i2i.jp,E19wO9eU9,2017-02-14 07:24:57
225,ueglese68,marsnell68@ox.ac.uk,I3BmgKilTQ,2017-04-16 12:45:55
226,wkippie69,gchallenor69@techcrunch.com,mcViaJjr,2017-07-02 12:14:01
227,dbasterfield6a,bveracruysse6a@linkedin.com,H64P3mZCnS2d,2017-05-24 15:49:16
228,anansom6b,iroast6b@house.gov,vfo2fkeYFpI,2016-10-19 11:26:59
229,malbin6c,mpowderham6c@google.com,xesL8GwlD,2017-03-16 07:58:16
230,dpeasee6d,tirdale6d@canalblog.com,81qUYH9Fct,2017-07-19 08:55:56
231,jmckendry6e,bheinsen6e@blogspot.com,rEAyODxQMozl,2016-11-25 02:38:50
232,aohagirtie6f,mzecchi6f@amazon.com,zE9ATbMcEIE,2016-11-17 12:57:15
233,flathan6g,ebenoiton6g@geocities.jp,jpaGv0v,2016-09-30 14:57:16
234,ebloxham6h,pnorker6h@de.vu,RSXnq5SNODUI,2016-09-10 08:29:41
235,bsives6i,gdorkins6i@cdbaby.com,DIoZVIO,2016-10-14 10:24:39
236,iklauer6j,hbrotherhed6j@sun.com,82HKHmh,2017-07-01 22:11:16
237,bosheeryne6k,kramalho6k@mapy.cz,sRz7sAuGa6,2017-01-16 05:23:12
238,kfake6l,wseery6l@purevolume.com,Tb4ickEkva,2017-07-12 20:33:23
239,cdorward6m,jdawidman6m@mapquest.com,afKZAiYRDnf,2016-10-28 15:17:25
240,epressland6n,hgritsaev6n@nih.gov,IxSt6Q,2017-02-24 18:45:11
241,nantonio6o,wkiff6o@live.com,HXGcc1W,2017-06-09 11:52:28
242,tmatityahu6p,dhastelow6p@wordpress.com,qHWGXY4Q4EP,2017-01-05 04:01:10
243,hramiro6q,ojouen6q@wikispaces.com,HtnfvHbfQL,2016-10-15 06:57:21
244,adayment6r,smagenny6r@amazon.co.uk,HcbTC8xiUe,2016-10-23 07:26:34
245,smithon6s,pelsey6s@goo.gl,opt4egD,2017-03-03 15:02:13
246,cscorer6t,asimonin6t@constantcontact.com,uzhlzpOV,2016-11-20 10:58:34
247,oolding6u,sratlee6u@wikispaces.com,kML1mGEUSN7i,2017-05-02 00:54:56
248,vdorking6v,adeshorts6v@so-net.ne.jp,Uj4TUY,2016-08-16 03:15:50
249,mmccorry6w,bmcalister6w@nasa.gov,ZJeyYLy5Sw,2016-10-05 11:52:44
250,sscoffham6x,ahrinchenko6x@google.es,oGhMgAdSojZt,2016-08-30 01:58:53
251,iwedlake6y,bfarlam6y@bigcartel.com,Qa4gCz,2017-05-02 18:46:30
252,zhaysman6z,dflegg6z@ycombinator.com,iMxOhp,2017-03-21 06:27:17
253,cwhiff70,bmccourt70@ted.com,9KkzpJbx4Qa,2016-12-07 00:11:44
254,mgoricke71,aswaffer71@cocolog-nifty.com,3BDPsC24wr,2017-07-22 19:45:46
255,mskerme72,mflade72@example.com,bd5xMCr,2016-08-11 07:56:33
256,gmaylam73,dcartner73@businessweek.com,dClyr2NlUxuq,2017-05-11 17:04:47
257,nhuckleby74,eaulton74@spiegel.de,7jqSe3uo0,2016-10-03 11:11:01
258,tmushett75,ffroggatt75@newyorker.com,8uTZlk,2016-08-21 12:33:04
259,mpavie76,hrenfield76@t-online.de,qnrRWOYU,2017-02-05 04:41:33
260,bespinet77,hdonke77@bigcartel.com,uZWyRAPcgv4z,2017-04-05 07:44:02
261,mmacilhagga78,mmcgilleghole78@nih.gov,w6zzbRFiee1,2017-08-06 13:54:02
262,kmcgettigan79,ttredinnick79@fc2.com,yQK1jws,2016-09-23 08:00:49
263,mardy7a,sstott7a@printfriendly.com,cFKoAaWLjhk,2017-05-28 12:45:08
264,scrake7b,aflowerden7b@addtoany.com,37qybwx,2017-04-03 12:51:00
265,jcarver7c,dpetegree7c@51.la,WceKnf,2017-04-03 14:13:37
266,hgartside7d,lhischke7d@amazon.co.jp,Euw2Bohymv,2017-05-17 04:39:25
267,djuszkiewicz7e,kobee7e@washington.edu,gR6jYGg,2017-05-13 18:39:54
268,wbrands7f,sclemendot7f@1688.com,ZtUDyFJ,2017-07-17 17:34:15
269,lwyard7g,amonsey7g@sbwire.com,5PNIL4tBVzAT,2017-05-11 20:49:35
270,tbras7h,jbudcock7h@ovh.net,A1N6tCtVTEFB,2016-09-11 15:23:22
271,mbothram7i,hdorow7i@ihg.com,4cIMZ2J6t7,2017-01-10 15:45:11
272,kflipsen7j,jmeddick7j@cbslocal.com,WTxzkagko,2017-03-17 15:28:37
273,bwitts7k,scoumbe7k@ucla.edu,cCfg5wQTFsGO,2017-01-30 04:42:02
274,spinchon7l,charmston7l@google.ru,kdHFjjl5,2016-09-07 21:21:58
275,nbru7m,npanketh7m@usatoday.com,Ww6EuF0,2017-05-10 09:49:29
276,jantonutti7n,lconyer7n@google.ca,qGoVkdFKv8,2017-04-09 04:45:19
277,cmcgaughey7o,hjodrelle7o@sitemeter.com,Urwsko0tF5Q,2016-10-11 04:08:51
278,bwooldridge7p,hmcinnes7p@yolasite.com,o0fWqBg4,2017-03-12 11:54:23
279,bportt7q,amunford7q@opensource.org,vdZNh0TaM,2017-07-26 20:11:50
280,agarton7r,dcamlin7r@gravatar.com,1b7VOFq,2017-07-11 23:00:06
281,sshirley7s,kmeller7s@skyrock.com,CCMGQp5gxik,2017-07-06 03:18:24
282,jbuist7t,ljagiello7t@taobao.com,gQwBxizBDYg,2017-03-24 10:10:03
283,glamlin7u,stallyn7u@drupal.org,MH34ECa,2017-04-17 00:16:27
284,dennever7v,obinning7v@nifty.com,ixrEExt0y94,2016-08-22 13:22:34
285,cmuttitt7w,enester7w@ycombinator.com,cy2tbBFKz2,2017-07-25 13:30:07
286,agrimstead7x,avanderdaal7x@typepad.com,HngN11ZNS1A,2017-05-03 14:14:27
287,dfortoun7y,rsybbe7y@cbc.ca,6WNvOdMNASYE,2017-05-25 07:45:48
288,mlakenton7z,dyokel7z@bizjournals.com,AAwAsEDatW,2017-01-13 20:11:56
289,vmccrainor80,barchbould80@tripod.com,QpNW7PJ7eak,2016-09-08 11:05:50
290,rforster81,gmackeller81@google.cn,zUMaXw,2017-07-17 02:20:07
291,bpinock82,lkezor82@skype.com,qo8nzi1dJ6jn,2017-01-14 12:40:51
292,jbeverstock83,keagling83@apple.com,Bt7eEyOJgq,2017-08-07 02:36:37
293,mpoag84,nbuggs84@storify.com,WsdrrgwNoiM4,2017-03-27 04:01:29
294,ostave85,jgaish85@addthis.com,hC60SmCK,2016-09-01 21:45:32
295,eyeandel86,dpiperley86@businessweek.com,vrvl5Yr6HF,2017-04-06 14:36:17
296,jwyd87,dfeld87@about.me,ekPNRkK4x,2016-10-27 01:40:23
297,ciaduccelli88,fsisneros88@skype.com,z1utJCcZnF,2016-08-29 08:26:12
298,bpedrollo89,bbasil89@google.de,48uRgj,2017-02-06 20:26:17
299,swaldrum8a,tgawn8a@nymag.com,d6lBNr9uS,2016-11-27 12:28:14
300,tmendonca8b,pphillpotts8b@java.com,gfIVc5r8H5w,2017-01-15 01:36:29
301,pgiacoppoli8c,ffassbender8c@prnewswire.com,E0NZrIn,2017-03-14 18:22:55
302,mmeatyard8d,wshyres8d@oracle.com,RtD5xLG9,2017-02-05 23:54:09
303,htindle8e,gberrane8e@netscape.com,L6Kvr7UIB3,2017-01-27 08:03:48
304,awallentin8f,ahales8f@washingtonpost.com,8C5GcvL,2017-04-19 18:52:43
305,brebillard8g,obrobeck8g@berkeley.edu,KrVHhY8,2017-01-28 02:00:56
306,dmckimm8h,rbalsom8h@forbes.com,PfjU5rfMX,2017-02-12 23:26:09
307,agroneway8i,dbottell8i@ning.com,oJpSQ0rryR,2016-11-06 18:57:56
308,gtrask8j,bnitti8j@baidu.com,zAsC1cDXZ1y,2016-10-26 04:20:25
309,tobeirne8k,jrontree8k@comsenz.com,FZXNCDyyWim,2017-06-13 00:07:07
310,kbuckland8l,ucaplin8l@cdc.gov,vwaYzJLq9,2017-02-20 19:24:11
311,dgaroghan8m,jcuncarr8m@multiply.com,wAHgYz86P,2017-05-02 12:07:53
312,pcarrick8n,zgateshill8n@joomla.org,sVjg0DEPr,2016-08-12 11:42:19
313,nghest8o,ffranzschoninger8o@facebook.com,6Ar8JPJ,2016-12-23 13:49:55
314,rpittoli8p,eallner8p@webeden.co.uk,tql6iU,2017-05-24 15:57:11
315,irankmore8q,amartinetto8q@hud.gov,vBurkwxPfM,2017-02-16 17:00:30
316,bmankor8r,ostearley8r@vimeo.com,zd0eWEOMRM9i,2017-04-04 00:50:21
317,jsarch8s,tschroeder8s@yolasite.com,09duQHa,2017-03-14 20:59:01
318,cgisby8t,kconeron8t@guardian.co.uk,gdYDo2pCwzYc,2016-10-24 20:44:50
319,fclark8u,ctitchener8u@purevolume.com,G6uRoN,2017-05-18 06:03:53
320,scornelissen8v,lsymonds8v@baidu.com,C8CcMLTao,2017-03-19 06:52:11
321,mmeeks8w,jjeannesson8w@ox.ac.uk,kHKatMY,2017-07-19 06:57:27
322,mdorgan8x,lberrecloth8x@paginegialle.it,RVg5oeF,2017-08-03 10:21:12
323,eflaunders8y,mgidney8y@imageshack.us,HG5WQWRF6,2017-04-20 03:21:06
324,uchapelhow8z,jblockley8z@youku.com,27v8WJY40y,2016-09-23 14:07:27
325,wrobart90,hhaydon90@deliciousdays.com,O4RubbTmEnC,2016-10-08 04:36:32
326,eambroz91,abatchley91@businesswire.com,8aTRIKga,2016-10-26 05:01:13
327,thuke92,usirman92@examiner.com,GdxmZ3KqHy,2016-10-28 19:37:15
328,ggerhold93,mflury93@miibeian.gov.cn,JtCtIFOhd,2017-02-18 19:56:50
329,lpyffe94,echrstine94@360.cn,l2obfBRGY,2016-12-09 14:11:16
330,aburnes95,drosling95@census.gov,0L0Qn86O,2017-04-24 04:56:47
331,cgiacobilio96,khallam96@skype.com,cQK0JD8D,2016-11-27 01:28:40
332,hmcmurtyr97,pfulk97@reuters.com,Jit6PVFwHc,2016-10-06 13:07:33
333,dpieper98,htarren98@domainmarket.com,VZGV4hjOLJ,2016-08-10 14:11:28
334,rfyfe99,megre99@google.pl,n16AE36Hb,2016-08-21 14:02:44
335,cbrashaw9a,bswiffan9a@businessweek.com,CYsRyJkEHea,2016-11-04 07:04:21
336,agerard9b,lcazin9b@cornell.edu,jRj9jb,2017-03-04 22:55:06
337,bstitson9c,mmohun9c@ezinearticles.com,qIJR68lM19E,2017-04-06 12:22:38
338,astothard9d,bmoens9d@addtoany.com,RF2XBCv0,2017-04-16 17:40:25
339,dtierney9e,blathaye9e@dagondesign.com,kr4W8Dgmu,2017-07-20 19:26:20
340,akirkby9f,atammadge9f@edublogs.org,5kS3d5Z,2016-10-03 15:52:43
341,bterren9g,ghaney9g@youku.com,nrzMylkbx,2016-12-01 21:49:51
342,kshrive9h,psams9h@last.fm,oDGDZlEhi,2016-12-29 19:28:58
343,sduffyn9i,bjewer9i@google.ru,3KtLb1wXiVL,2017-07-15 12:20:50
344,gsell9j,lbergstram9j@deliciousdays.com,jQpJcLlYQHE,2016-11-16 23:13:45
345,pyouthead9k,studdall9k@huffingtonpost.com,YMjf3o,2017-06-04 23:39:03
346,pmckevin9l,epenwright9l@hhs.gov,ExtWkSi,2017-07-09 03:16:33
347,nlabet9m,fludye9m@redcross.org,gB452I,2017-03-23 06:46:30
348,abonin9n,mcrowne9n@adobe.com,M3SbYdRv,2017-03-10 04:42:42
349,rcushelly9o,kglanton9o@acquirethisname.com,GpznPdkK,2017-07-09 22:28:48
350,rglowinski9p,kworts9p@virginia.edu,FkMgTKXkxc,2017-01-15 07:52:32
351,lbeacock9q,shukins9q@ocn.ne.jp,f5TlB8iWRKPX,2017-01-29 19:55:47
352,rhasling9r,ghandman9r@umich.edu,ZMgSrnrO,2016-10-13 12:25:53
353,aennor9s,mabercromby9s@wufoo.com,ylLRk6wg5,2016-08-15 08:33:30
354,hmckeevers9t,etramel9t@hatena.ne.jp,L7M9tO3zbFN,2017-07-08 02:19:58
355,snucciotti9u,cnevett9u@google.de,hezcbybM75,2017-01-08 10:13:31
356,ssandercock9v,cbeasant9v@rambler.ru,O2vykPkqjIRA,2016-08-14 03:18:10
357,dtoulson9w,bcartmael9w@tinypic.com,IxsgG0y,2017-02-11 19:40:10
358,cnore9x,ddorgon9x@vistaprint.com,r7PpGSUWTS,2017-05-26 10:17:30
359,abene9y,kmacguiness9y@mlb.com,0lK9fOdj,2016-12-05 17:10:03
360,bpaige9z,nkuhnhardt9z@cnbc.com,kmHUtiOoev,2017-07-31 09:45:35
361,tscada0,cminchina0@china.com.cn,xbnmmDKB6IA,2017-01-16 22:51:56
362,scoulla1,sweatherheada1@europa.eu,v897cOGxcv5s,2017-06-30 22:27:59
363,rgillivera2,llivera2@reference.com,6EgHlW84a,2016-12-22 19:56:41
364,rstanyfortha3,cbartolettia3@techcrunch.com,VSsV5yd5Y34,2016-11-13 21:42:56
365,kheineckea4,wbollandsa4@admin.ch,zln6q7YFkx,2016-11-12 10:23:47
366,mjessopa5,ebarlassa5@smh.com.au,NUvbJFZg,2016-10-12 13:17:17
367,chaynesforda6,clevenskya6@nasa.gov,OZZqAfRPz2,2016-12-26 09:19:05
368,dhodcrofta7,cscottrella7@skype.com,8bVA11dyvJQp,2016-09-15 07:41:51
369,cpithiea8,mmccruddena8@whitehouse.gov,oOqIZXyf30Py,2017-04-10 20:31:28
370,akitchingmana9,mviala9@ask.com,59B3qM,2017-01-15 23:39:02
371,kdufallaa,bwordleyaa@businessweek.com,4LqHx0Ce,2017-01-16 13:43:17
372,cbathowab,jlindbackab@xinhuanet.com,HWFx6E6eNPY,2017-02-13 11:43:52
373,iverteyac,deichmannac@mapy.cz,Vzmw0hmq,2017-05-01 16:13:11
374,sstringfellowad,adomoneyad@networkadvertising.org,9CDlXuGT,2017-05-02 13:44:53
375,tdrableae,fslevinae@ted.com,ua1XeQ,2016-09-09 09:50:42
376,mdomoniaf,vscrivinoraf@spiegel.de,uA8Fx8,2017-05-16 12:43:06
377,iaughtieag,bclardgeag@163.com,Qzp9VL,2017-05-31 02:39:31
378,cinglebyah,lstitsonah@slideshare.net,PVcDGPwSJV,2017-03-13 17:09:08
379,astrattanai,straskai@wix.com,LshHmPCkcyhG,2016-10-16 19:23:33
380,gmcgahernaj,gdemichettiaj@dedecms.com,zBG9r7,2017-05-08 04:01:15
381,cbateyak,bshankak@angelfire.com,5nSVuvVeo9c,2017-06-13 15:30:36
382,wbanfillal,hbasekal@rambler.ru,0trcBgkBFQ,2016-08-15 10:36:13
383,churseyam,shenstridgeam@posterous.com,xcLRsWk,2017-08-07 01:39:03
384,nedgertonan,tjonean@accuweather.com,1oOr1sCL6,2016-09-05 11:09:30
385,wmciverao,mpeabodyao@wufoo.com,ItyioqpEDB2o,2017-06-10 12:35:24
386,lnemchinovap,pkingsmillap@bloglovin.com,w43ovl,2017-08-05 01:32:00
387,smenelawsaq,cslossaq@cnet.com,iuOOwj54,2017-03-25 20:27:00
388,mgerlackar,gdraceyar@marketwatch.com,kY1xdlKp,2017-04-12 08:37:17
389,surridgeas,smalloyas@scribd.com,L0Pe6h8AZq,2017-06-07 07:02:20
390,gcloutat,hjuschkaat@wikimedia.org,Yu2iEpW3ZUum,2017-06-12 11:15:43
391,sboylundau,apetleyau@indiatimes.com,mXw77Oskmi9J,2016-10-02 12:26:16
392,tmaccoveneyav,ubrunrothav@reddit.com,ZHG6vZ1Hk0,2017-02-03 02:25:19
393,jmattioliaw,gcorssenaw@multiply.com,ZgCvqnA,2016-11-28 14:31:02
394,jewbanksax,asmallshawax@stanford.edu,p2EzD8eytfQS,2017-07-22 19:47:54
395,ksercombeay,lgurray@desdev.cn,Cyrs21vl3,2017-05-03 13:10:56
396,kcolebourneaz,ddrydenaz@buzzfeed.com,AM18c7uS,2017-05-20 09:02:21
397,jclausenthueb0,vingrahamb0@homestead.com,kI5gdet5nzG,2016-08-21 21:06:22
398,cplowsb1,econnueb1@elpais.com,i5fCHbbTFWNg,2017-02-24 21:09:52
399,maslinb2,etalletb2@hugedomains.com,tDIxuTS,2017-01-06 01:09:36
400,ndomanekb3,jpreciousb3@usatoday.com,q1PFnmD,2017-07-05 21:32:45
401,fdhoogeb4,tmurpheyb4@earthlink.net,9VgS2l8Fid,2017-01-07 17:43:31
402,pcarillob5,ekirmondb5@wired.com,Tku2Py4cS,2016-08-15 16:41:10
403,opadlyb6,jhurlingb6@dot.gov,t5yn5o10Wz,2016-11-03 20:33:56
404,imacgillivrieb7,ggrevesonb7@flickr.com,j0N7LTQ5JdZi,2017-06-16 09:23:07
405,lcawseb8,dmenslerb8@shinystat.com,RUc5IO8FYAXQ,2017-01-15 22:16:18
406,abrafieldb9,msnaselb9@altervista.org,fQ4K94zUVx,2016-12-19 21:22:15
407,cballba,abradnockeba@discovery.com,msXc6CY,2016-11-14 16:30:25
408,bsemradbb,cavraambb@samsung.com,y0WUIv4O2NRN,2017-06-27 01:00:38
409,kgrandhambc,dgravestonebc@shinystat.com,9FMg5u9,2016-11-04 01:49:45
410,eiannittibd,jteissierbd@gravatar.com,qE8f1ntD5SY6,2016-10-13 10:04:08
411,rblaschkebe,gbenoisbe@merriam-webster.com,9I44Fhm,2016-11-14 05:23:43
412,fweatherillbf,smcgennisbf@surveymonkey.com,p2dZunMKsv,2016-08-18 00:25:57
413,gdomesdaybg,bskillingsbg@diigo.com,E46IKsgnm2,2017-06-05 14:36:48
414,cgilksbh,rtaaffebh@so-net.ne.jp,1QN6eA0mV,2016-09-15 22:05:36
415,cshortenbi,dhospitalbi@zimbio.com,1IcDrKf8ah,2017-06-06 05:30:42
416,wthyingbj,smacpikebj@instagram.com,dQAyQO,2016-11-14 17:10:29
417,lcaffinbk,tandraudbk@blogs.com,CoTiu2MdMt5Q,2016-12-31 08:50:45
418,fcicerobl,mmilambl@last.fm,e59JNLePh,2016-09-19 18:54:49
419,ileggittbm,ilambertzbm@last.fm,gA6M3CK,2017-01-01 07:45:24
420,nkernoghanbn,ncaulierbn@technorati.com,0aGyQu,2017-07-28 03:49:26
421,epiechabo,ccorkittbo@eepurl.com,wDYUusdG,2017-05-01 12:40:01
422,sdevillierbp,ekleinbp@mac.com,1xapHPo,2017-06-29 09:43:25
423,iveeversbq,rgoodwellbq@ft.com,pDT8aDmtB,2016-12-23 14:15:56
424,msparkwellbr,dairtonbr@indiegogo.com,qPQzVsjUg,2017-07-09 21:42:18
425,npoelbs,sindgebs@umn.edu,ZaxPtX3,2016-09-27 03:35:08
426,wshenfischbt,mdayesbt@com.com,8i5ttyOu,2017-02-14 03:57:28
427,nchalderbu,krigmandbu@forbes.com,kJ5xRzf,2017-07-25 13:56:05
428,gmartinuzzibv,jhovellbv@auda.org.au,rgtnf3,2017-02-15 15:29:20
429,kingrambw,kflindallbw@people.com.cn,zDzQD8Mu,2017-08-03 06:46:17
430,smugglestonebx,smckirdybx@blog.com,8Ki8B4NFf4Z,2017-02-03 12:28:32
431,cfransoniby,dmcwhinby@constantcontact.com,XfLksN0,2016-10-28 15:10:23
432,elydiardbz,jgobelbz@arstechnica.com,Fd05P38l6P,2017-02-08 13:03:27
433,sverlindenc0,rsackeyc0@ft.com,gI2HFd,2016-08-21 20:01:40
434,mlindenmanc1,hmackennyc1@squidoo.com,wcd39c,2017-05-27 07:57:15
435,obreakspearc2,oreidshawc2@yelp.com,dORmYOnEko,2016-09-19 21:37:10
436,crizzardoc3,oblofieldc3@cnbc.com,Cw8y4F,2016-09-21 21:16:27
437,fturbittc4,cspensleyc4@cocolog-nifty.com,jW0bVvQkb5,2016-12-31 23:35:55
438,droglieric5,aheynenc5@mozilla.com,kkKa7K9sZ5D,2016-09-23 22:27:36
439,zglasspoolc6,iodayc6@1und1.de,QqQmT22XyGI7,2017-01-11 02:29:50
440,ghuntallc7,epurdonc7@rediff.com,ojQI2r1t88,2017-08-05 02:36:37
441,bjadosc8,nmogfordc8@bbc.co.uk,pFw1IQ0wG3,2016-09-22 08:44:44
442,kgazzardc9,hromkec9@sina.com.cn,cMPCAk,2017-07-03 07:26:32
443,jgatlandca,edacreca@biblegateway.com,2aRiJUKl,2016-10-25 23:29:14
444,dstebbingscb,abatemancb@comsenz.com,GWYx8yB1Y,2016-10-07 23:30:07
445,amcgoochcc,hreedercc@npr.org,qtuD7NN09HVd,2017-02-19 17:00:07
446,aramescd,lwrothamcd@wp.com,3MdIqs0bFE5,2017-02-12 05:44:50
447,elashmorece,cgalwayce@sbwire.com,HmBNPr87PT,2017-04-09 19:42:35
448,aandreaccicf,acowxcf@newsvine.com,UvmODSJD,2017-02-15 01:20:49
449,bwatermancg,tfairbardcg@moonfruit.com,RI4w0CQ2Zr7,2017-01-08 03:32:08
450,lboddych,udahlbomch@artisteer.com,AmCi3vifh1O,2017-03-07 10:01:54
451,fheinertci,pvarnamci@lycos.com,kgTowYx,2016-12-17 02:40:09
452,cchristescucj,kwinghamcj@ucoz.com,5WeBanyu,2017-07-07 11:02:37
453,tbirdisck,tschiesterlck@washington.edu,DqBqBl,2017-04-10 22:22:15
454,athelwllcl,vmonkcl@microsoft.com,ZLsIKk,2016-12-25 18:26:29
455,cmccronecm,cstanwaycm@guardian.co.uk,3c2Jci,2016-11-09 23:38:50
456,htayecn,rpitceathlycn@infoseek.co.jp,f0sQLuB,2016-11-24 22:58:21
457,ggatemanco,jbrombyco@vinaora.com,TS0rfxO,2017-05-11 01:05:59
458,hurrycp,tguntripcp@gravatar.com,aQ6Yse6LZC,2016-10-28 13:24:00
459,bcockcroftcq,sshebercq@deviantart.com,1erXmEGoqKU,2017-02-16 06:27:36
460,alefeavercr,rraggettcr@wunderground.com,dNTDvmamvBAi,2017-07-12 02:18:43
461,bwingrovecs,sdebellcs@tinypic.com,4VkZYPTaG,2016-09-13 23:51:34
462,dawcoatect,mbeatenct@i2i.jp,rlSTcbv4imB,2017-01-24 20:14:46
463,rhabenscu,risakoviccu@t.co,VCF5YjU,2016-12-10 16:30:32
464,ddawkscv,reldincv@wikipedia.org,Sp0WKPkOE1a0,2016-11-21 16:13:32
465,lpeloscw,uconcannoncw@toplist.cz,3a37B7oEy,2017-06-24 00:08:30
466,mlukasencx,cbradlycx@yale.edu,nnOrXaWKlt,2017-03-28 14:03:25
467,tmullercy,bbisoncy@purevolume.com,FKKvOT0Gayo,2017-07-09 12:23:23
468,wjakubovskycz,hwathellcz@state.gov,w99IY8KCjpCG,2017-02-09 00:12:34
469,dtwittyd0,cbonannod0@dell.com,U8sF9r,2017-04-23 17:56:04
470,hfairburned1,csharplind1@census.gov,MpWSEaBI1uAj,2017-04-11 22:29:30
471,kbraunerd2,vjahndeld2@usgs.gov,lVp4YMAvB3,2016-11-24 03:54:21
472,wmunnisd3,fdeggd3@flickr.com,yWWn0aMLvWY,2016-11-05 07:22:54
473,bbrodbind4,rfolgerd4@1und1.de,wxP0uU,2016-10-28 07:54:32
474,rmarfelld5,eballingald5@paypal.com,zKmxzimP,2016-08-15 20:58:05
475,akenvind6,gkibardd6@ted.com,nAd0HDM,2017-07-24 09:33:47
476,czammettd7,shobbled7@constantcontact.com,1zyzMq0BR,2016-12-06 04:16:38
477,mwittmand8,shaddickd8@pcworld.com,93gEuZhPnj3A,2017-03-24 18:34:27
478,rlombardod9,gwhebelld9@xinhuanet.com,y4GFs2MFyYXD,2017-04-13 13:48:53
479,cmaccleodda,fdarganda@163.com,IcKBZqcuL,2016-12-06 15:56:36
480,fkryszkieciczdb,ldeekdb@ask.com,Cv5en6pSy87n,2016-12-04 13:27:45
481,epyffedc,mjirusekdc@blinklist.com,cYSgZZS,2017-02-07 13:26:06
482,ballabartondd,lraggettdd@senate.gov,XTlbDr9od,2017-01-25 22:17:24
483,echarrissonde,icristoforode@ning.com,CUogzgX,2016-10-29 07:52:38
484,rceneydf,mdederickdf@blogger.com,xVnegie,2016-10-04 04:04:01
485,scleminshawdg,welloydg@xing.com,ZUfJWZFdT2ko,2016-12-27 05:53:49
486,aroomedh,rlunadh@google.de,qd7Y3VapTg,2017-06-02 10:44:51
487,kgalletydi,bemanuelidi@virginia.edu,glAhUIMw,2016-11-11 16:00:31
488,dmatousdj,cmangondj@microsoft.com,LGrTmA,2016-12-05 20:35:05
489,mfiguradk,jbrimsondk@symantec.com,OHVjSR,2017-04-30 08:25:39
490,agristwooddl,nranydl@ifeng.com,rTIgFDGMv,2017-08-02 06:39:14
491,ntrowdm,adyersondm@creativecommons.org,qG0tBEF0pGP0,2017-03-13 21:55:27
492,dbrahamsdn,rphillpdn@diigo.com,ETgFtW,2016-12-12 08:23:04
493,cmeddingsdo,calldendo@tripadvisor.com,kLXBnu,2017-03-08 16:19:25
494,eblameydp,shakendp@blog.com,OQZKu39t,2016-10-23 22:07:13
495,fcrumptondq,ndominydq@dell.com,nG1K8XPr,2016-11-06 06:28:01
496,hmothersoledr,jcannondr@amazonaws.com,BgVO4s,2016-11-29 20:26:22
497,chargroveds,kshawcroftds@last.fm,ltHzW99RvXy,2017-06-17 11:01:03
498,gchessilldt,creinbechdt@guardian.co.uk,MzYLcx9K3RYs,2017-07-19 19:05:38
499,emalyandu,ecoatdu@hostgator.com,SOsgGxM2lQ,2017-05-19 20:28:13
500,rpanedv,itwortdv@wp.com,A5m3Byh,2016-08-14 12:28:02
501,ewelfairdw,mmossopdw@list-manage.com,6UyzPWfz2G,2017-07-12 05:36:01
502,gfickendx,cmachargdx@census.gov,ZH0hrfiG9,2016-09-05 01:05:00
503,bskirrowdy,opleadendy@de.vu,Zju6x2LhfnW,2016-12-01 15:06:34
504,cdrewsdz,ekirklanddz@google.ca,lTnDOd,2016-11-02 19:39:45
505,rburrene0,ftette0@amazon.de,4uaiXiU,2016-10-02 06:24:38
506,ddecourcye1,bmccuddene1@vistaprint.com,LJbq68lNxqC5,2017-06-14 21:53:35
507,vewinge2,acoomese2@odnoklassniki.ru,6kpxBtC,2016-12-28 19:21:36
508,ageorgeone3,mduredene3@slashdot.org,WgLsQY,2017-03-28 12:20:31
509,mbarensene4,kpuzeye4@hostgator.com,4jCwlFpf2,2017-07-15 08:27:22
510,ebosencee5,fduffitte5@nifty.com,Yb3ZXP,2016-08-25 01:33:42
511,echessile6,ccossentinee6@histats.com,2a73yEQ,2017-05-16 10:59:42
512,skelloche7,kbonhommee7@theglobeandmail.com,8WSQIqCA1D,2017-01-02 20:18:47
513,vhopfnere8,mmilleae8@buzzfeed.com,nyvuKGEEpfu,2017-06-16 07:43:39
514,nbrunete9,ksywelle9@cam.ac.uk,LmRVjONUHbsz,2017-01-23 09:55:42
515,gwiddowsonea,cscuphamea@g.co,SkISHuXgqrHe,2017-05-11 13:39:45
516,lkirkebyeeb,lstaiteeb@ed.gov,bmaiBIdEQ,2017-05-09 18:11:28
517,imaddieec,kcarseyec@ed.gov,4o0LmFF,2016-11-30 17:12:32
518,rspecked,nmangeoned@exblog.jp,vQwDnWoFY5G,2016-11-26 06:33:30
519,cprendergastee,cbeerntee@weebly.com,1GuNkC,2017-02-05 00:03:20
520,pneedhamef,dcollinwoodef@simplemachines.org,X0tpiI,2016-09-06 17:32:59
521,icasseyeg,labeleeg@clickbank.net,3LOChRp,2017-08-09 12:03:14
522,ccalderoeh,fmoakeseh@google.de,mpFlyo,2017-05-03 01:59:51
523,gloxstonei,gvicareyei@youku.com,Rim5Bm3zcz,2016-10-07 16:25:52
524,sguidettiej,dfayermanej@mozilla.org,8P8eR1bEmg1,2016-11-30 18:37:54
525,rbuddleek,rquernelek@jalbum.net,lCX21XZnaQyT,2016-08-11 00:50:29
526,mwatersel,mbranniel@ucla.edu,X8ZfHrZMQ,2017-06-19 12:57:23
527,boconnelem,ehanniganeem@nyu.edu,rnYZqiB07c2X,2017-02-22 09:32:14
528,ebramsomen,wlabromen@tiny.cc,8bEzs8,2016-10-04 12:56:19
529,ryablsleyeo,mcolmoreeo@tripod.com,z87ztHZkWh1,2016-12-31 16:35:58
530,gboltep,vmacfaddenep@51.la,e6sMSU,2017-07-16 13:08:04
531,wkilcoyneeq,cllewhellineq@quantcast.com,nLxckVkR,2017-04-09 15:30:35
532,rdearaner,mcesconer@livejournal.com,paCi8Aq9cbu,2017-01-19 13:32:51
533,dmacguinesses,jthinnes@intel.com,bqoZfN6O5iM,2017-06-01 16:43:31
534,rribeiroet,lprescotet@forbes.com,Fvi5dAyP,2017-03-08 00:57:18
535,gmadgetteu,slabordeeu@printfriendly.com,0oYjAQYX2y,2016-12-14 00:13:56
536,mspurdleev,sbissellev@webs.com,qKw31Dfn6,2016-09-24 17:33:17
537,nbromleyew,aedgelerew@blogspot.com,00YlW1WK4fzP,2016-09-23 06:50:29
538,sstathersex,tdeathridgeex@parallels.com,1h4zxjdPv,2016-09-08 01:43:09
539,wkorejsey,bcrankey@discovery.com,HBnll3j83rYa,2017-07-10 00:19:46
540,mchurchmanez,lubsdellez@booking.com,SGKYW5p1oed,2017-04-24 06:56:41
541,sblissittf0,hstandingfordf0@buzzfeed.com,A0H2487B,2017-01-18 21:17:31
542,echealef1,rscoblef1@cargocollective.com,LlJ0MkbBCn53,2016-10-04 12:13:02
543,aadolfsenf2,gdraijerf2@weibo.com,GNgADVVmA8,2016-09-24 13:53:23
544,chaningtonf3,diglesiasf3@arizona.edu,Py6aSzme,2016-08-12 01:11:45
545,mpavicf4,bthamesf4@scribd.com,S862BR6BKd9,2017-08-06 13:32:55
546,ableierf5,heaglestonef5@forbes.com,2ss7BgMUtW,2016-12-27 17:26:15
547,kbarracksf6,rpinaf6@tripod.com,8jAPFV,2017-02-06 08:37:56
548,uvidineevf7,gbavesterf7@newsvine.com,mxa1eJ7SC,2017-03-29 00:13:37
549,ldaxf8,sjezardf8@xrea.com,K58dOTmIf,2017-01-26 08:37:58
550,lmyerscoughf9,dnaldrettf9@ucsd.edu,ydI5xT,2016-09-16 10:03:24
551,bcaukillfa,tdebneyfa@amazon.com,gX8vq0mvo7,2017-05-29 14:33:58
552,kwarrilowfb,lswinyardfb@aol.com,QqMXMd0u6of,2017-06-14 11:04:04
553,nbrobakfc,lreadingsfc@360.cn,eMdwL1OzD,2017-08-03 20:23:41
554,tthirskfd,upencotfd@businessweek.com,tGUWVELpW,2017-06-25 08:46:26
555,mzamboninife,srivefe@businessweek.com,aUJzabngdY,2016-10-22 17:45:41
556,fbreslinff,dlathomff@lulu.com,r8Ropv3,2017-06-10 20:56:51
557,lkimblyfg,bwhithornfg@ibm.com,SJxhhFWxWf,2016-12-11 06:09:09
558,mbriamofh,lmettetalfh@w3.org,KLdxRzLCC,2016-09-30 12:28:27
559,cwaterfallfi,idemorenofi@unc.edu,MU3sEVdEQl6,2016-08-22 02:48:21
560,kfardyfj,rwilkisonfj@auda.org.au,m3rwARfFwFht,2016-08-23 15:35:14
561,charesfk,fvondrysfk@china.com.cn,85dEI2tv8klL,2017-01-22 18:05:50
562,bcoklyfl,ekinclafl@tumblr.com,zosb6SVOZ,2017-02-28 14:23:58
563,jgowdiefm,phutchingesfm@icq.com,jAcC6NjJh9t,2017-03-07 20:30:03
564,pconryfn,flaybournfn@skype.com,IcmHCFCbMO,2017-01-06 08:16:56
565,mlapwoodfo,wpedlerfo@cnn.com,hwOwEnXbyCQ,2017-01-02 21:25:25
566,ccarseyfp,bpuffettfp@mapquest.com,9lxtOt1wkW,2016-12-28 12:25:21
567,ccadremanfq,ccuttingsfq@wunderground.com,69L2LsG0tP,2017-01-05 05:50:06
568,kcollingefr,dhubyfr@hhs.gov,wV6M89wgFjkQ,2016-08-30 03:59:14
569,plabernfs,growbottomfs@squarespace.com,aSnWazzAQ,2016-08-21 19:00:48
570,wferaghft,rogavinft@nps.gov,uiFa2EETq,2016-11-11 13:33:14
571,ptwaitefu,koheneryfu@java.com,UMA1xRgcYDFy,2016-09-08 03:13:21
572,nambroziakfv,pdeackesfv@youku.com,OoACEY,2017-02-09 00:05:31
573,ztotenfw,omudgefw@imageshack.us,lGr6tp,2016-09-24 16:35:21
574,cpowdrillfx,kledekkerfx@newyorker.com,K5qA3l,2017-06-05 19:32:04
575,lrobbfy,bdarbonfy@dyndns.org,XgW3wmamsg,2017-06-13 22:04:24
576,gmeatyardfz,bbielfeltfz@nature.com,sLiF6Bj,2017-02-10 11:04:06
577,gtiliog0,ecaretteg0@php.net,RbHs8dBdi9W0,2017-02-02 01:09:31
578,ldrysdellg1,jgowingg1@typepad.com,2O5OKyKC1A,2017-07-15 12:40:50
579,netchesg2,tmessierg2@hatena.ne.jp,8ItkhlnDWWnl,2017-05-02 14:12:46
580,ptrevorg3,rminchindeng3@weibo.com,0ZAstJqOe,2016-11-22 07:47:32
581,cstallwoodg4,sroycroftg4@home.pl,4n6wp3W,2016-10-24 13:45:45
582,kkirkhouseg5,ywatermang5@nba.com,feEZwZoy,2016-09-28 05:22:13
583,fbrosettig6,mgrimmerg6@economist.com,qWTnDYsGG,2016-12-15 00:56:36
584,ywhawellg7,rbrannig7@nps.gov,zyHkoq,2017-01-12 00:32:46
585,nsaffrang8,mmcduffieg8@twitter.com,3e6OGGC,2017-04-09 02:48:39
586,cgiveng9,otunnyg9@godaddy.com,kumMTq4cb,2016-11-11 05:18:53
587,fzealyga,dkleeweinga@princeton.edu,BHVtqDP3D2,2017-06-20 00:45:36
588,csmullingb,mbartholomausgb@wired.com,HgHlu7,2017-03-12 01:23:17
589,alerwillgc,twilfordgc@cmu.edu,thCBsx3Wd8n,2017-01-27 04:50:07
590,aholehousegd,lbacongd@wikimedia.org,HDojJHOJ12,2016-08-26 13:10:42
591,nkirtlange,hbootege@tripadvisor.com,5u2qLxcknh,2017-07-19 07:00:54
592,tpillmangf,lcastanogf@163.com,R9Woid,2016-09-25 22:45:29
593,seslemontgg,twornumgg@home.pl,kTkmvYv,2017-03-22 00:35:06
594,acrebogh,bpealgh@alibaba.com,CgJDpAQC,2016-12-30 20:47:53
595,bklosergi,rfishegi@nydailynews.com,RPZ1pc,2017-06-15 13:47:32
596,lashmentgj,rsaiensgj@arizona.edu,kt6apC,2016-10-12 14:23:21
597,skimmelgk,crideoutgk@opensource.org,SRVTJv5R,2016-12-20 09:30:48
598,gassadgl,koxgl@mayoclinic.com,rxgrqDI4oNm,2016-11-04 03:02:55
599,edundingm,tmowettgm@wiley.com,65OQZhf4P,2016-11-20 10:45:34
600,climrickgn,rabadegn@epa.gov,nel7WUViPTXL,2017-04-03 10:44:41
601,brekesgo,sdowardgo@geocities.jp,neVh4UaN8Q,2017-05-10 06:32:34
602,lsiwardgp,mballantynegp@liveinternet.ru,1JaGIM1W9,2017-01-16 04:45:32
603,awatmoregq,dewangq@chicagotribune.com,Ua8RNKwdcd,2017-01-15 06:55:13
604,lboylingr,smcquadegr@facebook.com,3b2osMDv3rx,2017-01-10 11:55:01
605,bferronelgs,dfradsongs@washington.edu,0AOOHRZLeChB,2016-09-03 01:13:45
606,mdickensgt,tkonerdinggt@eventbrite.com,E1VKW2nkhZL,2016-09-23 22:36:14
607,bedengu,kbassomgu@unicef.org,IaDOx2dQnM,2017-01-02 10:10:46
608,mdowgv,cplacstonegv@uiuc.edu,ZzlTYiJSbGR,2017-07-27 06:18:59
609,ilarkbygw,asorsbiegw@amazon.de,uOAKM4O,2017-07-04 02:38:04
610,abaudinsgx,tcanellasgx@gravatar.com,N0Ue3MBjQUT3,2017-05-26 17:20:13
611,atoplisgy,lmalinsgy@netscape.com,XDnf1bxnEFN8,2017-04-12 00:40:46
612,cmcdonandgz,rgarwoodgz@wordpress.com,CPnLENh,2016-11-10 08:34:32
613,gwestnageh0,zfranckeh0@china.com.cn,qTDOzLsKD4sE,2016-12-15 12:52:18
614,tmacgianyh1,bmuroh1@shareasale.com,GBkSfE,2017-01-28 04:40:42
615,ksquibbsh2,gwhisbyh2@nba.com,1HvGLAtTq8m,2017-06-11 18:26:09
616,fnooreh3,rrevelh3@issuu.com,49A1GBm,2016-10-01 11:06:21
617,asibsonh4,boxenburyh4@prweb.com,xJDoVcthd,2016-10-02 13:14:24
618,dgleaderh5,jradbondh5@narod.ru,uRE8Fr,2016-12-28 11:32:40
619,mgoodingsh6,dwoolletth6@abc.net.au,vSw4uC,2016-08-31 03:04:07
620,gsandilandsh7,gtrewhitth7@domainmarket.com,M3tDlBH,2017-06-26 22:21:51
621,mhoodspethh8,fcauseyh8@myspace.com,YQEAE3,2017-07-27 00:59:35
622,ncubleyh9,mtamplingh9@columbia.edu,GEq06isO,2017-03-04 05:07:37
623,lcraykerha,cbumfordha@shareasale.com,rmNVCywq2GsW,2017-02-01 11:13:45
624,mlappinghb,dshowthb@uol.com.br,ADW6pyW,2017-06-27 01:24:35
625,mcochranehc,labramchikhc@ycombinator.com,eEPijT9JagMq,2016-10-24 02:27:36
626,mgrishelyovhd,jhynehd@studiopress.com,YBPuniarB,2017-03-20 08:30:53
627,wprayerhe,psilbersakhe@pinterest.com,2K3A7sg7qmfT,2017-03-06 13:23:38
628,ctarpeyhf,rneedhf@artisteer.com,anWlTfTQVYNC,2017-08-02 04:57:45
629,cbrickwoodhg,mcockerellhg@sina.com.cn,625n4pA,2016-09-01 19:54:29
630,dmolanhh,cballstonhh@wsj.com,tMGIdaF,2016-11-20 09:24:52
631,seusteshi,dgellyhi@prnewswire.com,RR13KB,2016-10-09 22:17:14
632,cdillingstonehj,nveltihj@blogs.com,BxVovW,2016-09-01 17:36:50
633,swemhk,hpettigreehk@cornell.edu,rUos5oDeW5pg,2016-08-10 15:38:16
634,oslorachhl,kgatheralhl@msn.com,LQrhDzjw,2016-12-13 08:55:24
635,csherrockshm,mcockramhm@stumbleupon.com,FC52ngN,2016-10-28 17:49:42
636,rmacbreartyhn,fbombhn@google.it,UJ7857hXn6Py,2017-04-29 04:34:33
637,cmckinnellho,shaggusho@umich.edu,k5f3XZXX3kxl,2016-09-08 23:06:40
638,rmateushp,cdeakinhp@go.com,Y9Wu01d,2016-10-27 07:46:49
639,bglasebrookhq,mstaveshq@paypal.com,RZRVuIh,2016-08-24 06:12:41
640,scolliverhr,tmacnabhr@alexa.com,qvVCCCj6,2017-05-06 22:21:46
641,methridgehs,eyeatshs@free.fr,vcsFJXZ,2016-10-26 01:23:46
642,dbocockht,kosbaldestonht@amazon.co.jp,a7I0sveOSNZ,2017-02-09 11:29:41
643,jguthriehu,mhiddersleyhu@blogs.com,dtkjPeCx,2017-02-13 17:57:24
644,bisaksonhv,dmacnameehv@tinypic.com,kYKH9YR,2016-11-02 14:32:31
645,bsapshedhw,cwardhaughhw@arizona.edu,VsS2bhsrkf,2017-03-13 22:09:58
646,wtaskerhx,clinekerhx@4shared.com,ii3lXtL,2016-12-28 06:59:55
647,ycardenhy,gmackegghy@nba.com,KnBjLMwv1a,2016-09-06 02:54:30
648,bkelsohz,amullardhz@furl.net,NRezrNq9,2017-06-02 00:40:26
649,sbottoni0,acancellarioi0@prnewswire.com,GjNSdmevdGb,2017-06-14 19:10:22
650,gwitheropi1,cbartkei1@sina.com.cn,VXsNzE,2017-07-08 07:37:21
651,sbeardsleyi2,fsvanettii2@chronoengine.com,baFEN8okj17,2016-10-17 19:34:07
652,tgotteri3,dpatisei3@reddit.com,MqMwbaW,2016-11-04 02:59:40
653,bcrusi4,lmckeaneyi4@ed.gov,RlvLDzdPIep,2017-02-27 09:03:52
654,cdabornei5,othorneloei5@scientificamerican.com,Rlt0WNPF,2016-10-03 13:59:48
655,aproudlovei6,rkuhwaldi6@miitbeian.gov.cn,1vcC5eN1Iu,2017-03-22 23:00:48
656,gbackesi7,bviviansi7@cnet.com,DaNJoy3gq,2017-03-13 07:39:55
657,gmealiffei8,gnorburyi8@typepad.com,ctXQb7pbFUK,2017-01-09 23:34:07
658,twhaymandi9,dgullandi9@census.gov,gX7qYvK,2016-11-09 03:45:06
659,lgittisia,igoskaria@t-online.de,5IStzOBOFn,2017-04-10 00:41:17
660,ttreadgallib,aaitkenib@newsvine.com,yRmrSE,2016-12-20 23:11:02
661,tnoyesic,gbarrittic@opera.com,p4pL6Tf,2017-07-02 12:19:05
662,wgostykeid,cbouttellid@biglobe.ne.jp,gi4XPwjI,2016-09-17 06:05:32
663,krubelie,mpiddlehintonie@berkeley.edu,pg5M36Dk0uU,2017-02-09 16:24:47
664,cbasilif,ogauchierif@technorati.com,bCFc7LhP6K2,2016-09-16 06:13:09
665,ggierhardig,ckittmanig@wordpress.org,DL69BBc,2017-05-26 23:02:05
666,fmooreyih,hmedlenih@tuttocitta.it,V6WGnY,2016-10-08 17:56:14
667,gfeatherbieii,sscowenii@simplemachines.org,LuhpVm,2017-01-20 19:34:36
668,afurlowij,tcarltonij@harvard.edu,mGJaE2m7K6i,2017-06-07 13:56:20
669,golenikovik,oloudianik@vkontakte.ru,MxGcDpzWS9,2016-10-15 05:31:33
670,radlardil,asoppitil@mozilla.org,KjehegOWAS,2017-08-06 08:29:51
671,gboulderim,csheermanim@loc.gov,FHtlAab44V,2017-04-26 08:29:45
672,tmctaggartin,lcardelloin@etsy.com,I9iC4cH7,2016-11-30 12:47:35
673,aannwylio,gdiclaudioio@blogger.com,4WZu4RBnco,2017-01-24 21:23:39
674,ccasajuanaip,kmcgilbonip@kickstarter.com,0ScH4d9PPyA7,2017-04-04 01:48:36
675,tbirdsiq,lvowlesiq@theglobeandmail.com,Tuwjq74iLYC,2016-12-15 14:00:16
676,pnurdenir,asideyir@github.io,KzYwPFzNuugT,2016-10-10 12:20:02
677,tfowleyis,hwardenis@unicef.org,jeMqNhBwTMkA,2017-03-03 04:48:39
678,acraigieit,jsonnerit@flickr.com,VVpjyiito,2016-12-22 21:42:59
679,tgillfordiu,mchelleyiu@jigsy.com,93o6Xr9eo0lT,2017-04-26 18:12:28
680,tstrikeiv,bmilleryiv@jugem.jp,P61mPdazE2wz,2017-06-10 17:25:32
681,cflecknoeiw,pcraydeniw@theatlantic.com,RUtAE8,2016-10-31 10:36:56
682,jrussellix,scoareix@themeforest.net,thBbK4oq8e,2016-10-11 23:58:55
683,gkinderiy,jscroggieiy@bing.com,1UNt1j6oak0,2017-05-24 10:02:36
684,jnewberryiz,bmizziiz@berkeley.edu,Vz1By91bT,2017-04-21 16:53:41
685,lnoquetj0,citzcakj0@vk.com,BdEtl7I,2017-05-26 00:06:28
686,rhenkmannj1,cpeermanj1@eventbrite.com,oqDSGg,2016-10-13 06:27:31
687,scarlyonj2,kmosdallj2@mtv.com,wmvkYYOcwguv,2017-08-01 10:13:59
688,sgettinsj3,lchurchousej3@apple.com,ewdFksfbG,2017-06-21 04:20:30
689,tscrammagej4,amcgirrj4@netvibes.com,W7xlrL,2017-02-04 15:03:27
690,mrowlinj5,eanthonyj5@intel.com,m9OUkg,2017-02-22 06:33:48
691,lmccannj6,crominovj6@usnews.com,MWN1PEfDeKR,2016-08-27 05:16:17
692,becclestonej7,bcescotj7@behance.net,yF96tpHKZJqb,2016-10-29 13:15:33
693,sbouttonj8,jwhitcombj8@eventbrite.com,tnKWE1Anw,2017-01-17 01:42:27
694,gmarcuj9,rpendockj9@istockphoto.com,nLJlgiBXtJ,2017-06-06 10:03:30
695,tcratchleyja,krippinja@dedecms.com,qaWLRlz,2017-08-03 03:42:28
696,bpaulsonjb,mismailjb@fc2.com,KCKuIgLRie,2016-11-26 16:18:39
697,gbirtchnelljc,gdoubravajc@yellowbook.com,oBuoFCAIT,2017-08-03 20:56:52
698,crecordsjd,gmcneejd@dropbox.com,WhlRguEcv1S,2017-03-15 15:20:44
699,hkillockje,bfenningje@dion.ne.jp,e9O9rWBm,2017-05-07 02:39:26
700,jduligalljf,apedreschijf@webnode.com,wFkeWsWz1M,2017-04-23 18:08:39
701,bwooffindenjg,kcrawleyjg@tripod.com,o5I6IilzI7,2017-02-26 18:22:35
702,ovedstrajh,gcoursjh@dmoz.org,sq4PXH,2017-05-23 19:28:31
703,kritchingsji,mfolbiggji@twitpic.com,gY77XOzW,2016-10-16 01:40:49
704,dkleinplatzjj,dcircuitjj@mapquest.com,atgUKk7,2017-06-15 12:17:24
705,bsmorfitjk,dpentlowjk@techcrunch.com,xHk3ZocVm,2017-03-07 12:03:59
706,vstideverjl,aattreejl@yellowbook.com,6ojSq8Gt,2017-06-04 06:11:19
707,kfirminjm,bhoysjm@clickbank.net,C8yFGhd5,2017-04-08 14:54:03
708,mdaviddijn,jskittrelljn@amazon.de,YYdNyEufxHz,2017-04-05 01:31:31
709,cheardmanjo,mshoutjo@blinklist.com,kw7ckvoeO,2017-02-18 10:44:16
710,ilengjp,hpunshonjp@freewebs.com,mfWE8Rp1UVB,2017-07-06 22:44:33
711,bkasperskijq,nmeatesjq@wordpress.com,gYv8K6xXx0l,2017-02-08 23:53:19
712,wgennjr,pblaxalljr@hexun.com,1BYsrQa,2017-04-12 03:34:12
713,dlottringtonjs,spilljs@cpanel.net,a3lNOl,2017-03-24 21:37:26
714,kbuttlerjt,emcgillacoelljt@boston.com,KUp6ao,2017-06-23 05:27:29
715,ccroxtonju,cfolkerdju@squarespace.com,KxsJG3mr,2017-04-23 08:03:36
716,mstockoejv,cchrystaljv@sitemeter.com,eog36d,2016-11-09 00:03:33
717,abrideauxjw,aleclairejw@nydailynews.com,INlNkDiw,2017-04-27 02:56:53
718,dknowlysjx,msullandjx@businesswire.com,q7DtKWnjShiw,2017-03-28 14:02:04
719,rbrusselsjy,nownsworthjy@independent.co.uk,7MXz49,2016-11-04 17:30:53
720,jvanyakinjz,fthorsbyjz@walmart.com,RbiU7dhO3,2016-08-10 17:27:59
721,fcaunterk0,abostonk0@businessinsider.com,e3wRNiLUGe,2017-04-28 01:53:12
722,dhazeltinek1,weagank1@discovery.com,qh0quY,2017-01-17 04:31:46
723,spetrovykhk2,gduffetk2@theatlantic.com,CMfJCzfW,2016-12-08 07:10:11
724,focarneyk3,scornehlk3@abc.net.au,EP0NE8Ij3s4,2017-05-15 13:01:04
725,mvinauk4,lalexsandrowiczk4@amazon.co.uk,ddLNZSsD9,2017-07-31 01:37:36
726,jclementek5,dcandyk5@gravatar.com,2Ivlmq6W,2017-03-30 15:24:56
727,osedgeworthk6,ghannabussk6@newyorker.com,bOONU71,2016-09-09 16:56:59
728,lrenalsk7,pevensk7@nature.com,4vM3pDJjEpFZ,2017-07-06 23:55:53
729,rgalifordk8,gkippingk8@netvibes.com,wL6GCa3tLjN,2017-07-25 20:21:13
730,fspacyk9,lcarbinek9@comsenz.com,6Iwkwl,2017-04-19 09:51:56
731,jpershouseka,msimmenka@ovh.net,nn0JTSE7ErB,2017-03-24 22:35:33
732,aboobyerkb,lwankakb@hp.com,46Z3p4mcrL,2017-02-17 15:41:04
733,espringtorpkc,lmosdillkc@stumbleupon.com,TmSV4xWm,2017-06-14 04:24:10
734,cpavlovskykd,akisskd@theguardian.com,Y1I8nG,2016-12-16 01:17:07
735,jbeake,gswindallke@adobe.com,qzdsk7E,2017-02-14 22:01:23
736,ttatlockkf,llazenburykf@hud.gov,Z8Qcbbsf8LZ3,2017-08-06 09:30:20
737,mcorstonkg,sarchkg@marketwatch.com,NPifcRjW,2017-06-13 08:44:32
738,ochalonerkh,awhittetkh@washington.edu,P7t9SFvXus,2017-02-24 18:54:44
739,coxborrowki,gklischki@merriam-webster.com,sJzvOUWVub,2016-11-19 04:34:07
740,ztollowkj,mbonnetkj@github.io,qt0fTt,2017-07-20 07:32:27
741,kcreaneykk,edorinkk@blog.com,2enQKZJ5RJ3W,2016-09-15 19:13:02
742,aabercrombykl,gmuzzullokl@elegantthemes.com,HwePkNxSB8dA,2016-12-19 19:36:44
743,strahmelkm,rmilbournekm@csmonitor.com,QNeBRSne8E,2017-06-14 19:59:49
744,ccharterkn,gbittertonkn@elpais.com,a5Uwzyjr7gJ,2017-02-12 14:56:10
745,npimbleyko,cdurransko@cnn.com,vHY1U31pEWKd,2016-10-10 20:49:27
746,lmansuerkp,zfeakekp@youtu.be,naafGa,2016-10-25 01:05:53
747,mdaymontkq,jnorcuttkq@eventbrite.com,LBsjvw,2017-07-31 09:18:01
748,mwhyattkr,vpepinkr@archive.org,zI0JQj0XvUab,2017-05-24 23:27:04
749,aembersonks,candryszczakks@jiathis.com,6eNLC4kX4yq,2017-02-09 15:38:48
750,jmccreathkt,kcurleykt@google.es,UzlW8c91,2017-07-03 12:13:24
751,byeseninku,akoopmanku@indiatimes.com,tccyHyPvj5I,2017-03-29 19:35:56
752,agyorgykv,hsandesonkv@buzzfeed.com,Eibnmch,2017-06-03 00:17:20
753,htyttertonkw,joldiskw@privacy.gov.au,ojiVAY3b,2016-10-18 11:17:24
754,sgorgenkx,akayzerkx@tmall.com,z8bl3wqq,2016-09-23 10:21:07
755,ttzarkovky,mtweedyky@webmd.com,d9wa2nzJVwAv,2016-12-06 18:52:57
756,nbessomkz,cdiddamskz@apache.org,iPyoXt1GMnm9,2017-02-19 01:32:38
757,alorenzettol0,lbaynonl0@wikia.com,pxJduQG,2016-10-03 03:06:25
758,cmattiatol1,skeepl1@bloglines.com,9GE0Nc6v8,2016-10-19 18:06:44
759,eperellil2,hreppaportl2@bizjournals.com,0mqyDr8,2017-03-10 11:53:32
760,otrenfieldl3,kvearncombel3@taobao.com,uDUtsdHm,2016-10-12 09:11:41
761,msymcockl4,aarundalel4@sohu.com,y4GjAF,2017-04-25 07:21:32
762,emournianl5,tpalfreel5@shareasale.com,OyYPg2,2016-12-27 11:53:18
763,msmaridgel6,tcoultl6@xrea.com,akHkNwT,2017-07-18 05:35:33
764,jcollipl7,meariel7@rediff.com,7CTfKcbTa,2017-08-04 13:34:16
765,nwilkinl8,churlestonel8@networksolutions.com,EFvqWu,2017-02-23 16:07:56
766,ococklel9,hjackettsl9@va.gov,6FLkZhfzfJX,2016-09-07 05:12:29
767,bboageyla,arovela@opera.com,YEYGcN,2016-10-18 17:47:32
768,usummerleylb,bpillingtonlb@cbslocal.com,ukFeYWlr,2017-02-27 20:57:24
769,fcrowdlc,awoodlandlc@sitemeter.com,SuKgj0lT81X,2017-03-17 08:14:22
770,tlambertild,uklessmannld@wired.com,YiWHdUX,2017-02-27 18:50:12
771,cpoynserle,dmacnellyle@t-online.de,lp4swEViqp,2017-07-27 15:44:19
772,lspargolf,eraddonlf@about.com,q0p7STD,2017-06-24 10:10:26
773,gedgettlg,asmedmoorlg@fc2.com,fkh4Cw,2017-01-04 07:27:12
774,nfardoelh,amcphadenlh@columbia.edu,nTweVTu,2017-05-13 06:16:44
775,kfreyneli,cgrierli@sciencedaily.com,RERSoyl,2016-09-06 14:36:01
776,ogrillslj,icurrumlj@live.com,Yzg1nj,2016-12-05 02:44:21
777,cderochelk,ssmartmanlk@jimdo.com,fpnuKHTg,2017-06-25 03:20:08
778,hkuhlmeyll,cseppeyll@taobao.com,oBDDA9PkV,2017-01-01 02:21:53
779,ssketchlm,hbrodneckelm@is.gd,9BRz8pY,2016-08-16 15:40:19
780,tbobaschln,istanexln@tripod.com,h4fzvdv,2017-07-02 07:24:18
781,npippinglo,iellesworthlo@disqus.com,KTBocAJmo,2016-12-13 00:59:32
782,bskoughlp,hbenwelllp@chicagotribune.com,eHlGIXqFgj,2016-11-11 02:44:33
783,dmantionelq,sdrewelq@gov.uk,5IpKoClhy3c3,2016-12-15 00:08:30
784,clegonideclr,broyanslr@prweb.com,6JtcfD,2017-03-11 14:10:42
785,hkeuningls,gdurtnalls@51.la,EnmUjir,2017-07-06 02:53:39
786,asmalmanlt,nworsnuplt@cloudflare.com,o3t3u9Wg,2017-05-20 15:26:45
787,wferraslu,jdraiseylu@bravesites.com,uo3zWjHe,2017-07-22 08:50:43
788,ewisedalelv,abaldenlv@whitehouse.gov,x3H0cHoiSqk5,2017-04-21 08:44:13
789,amcowenlw,pmilsaplw@abc.net.au,qAzVJYh5k8PC,2016-08-18 23:14:33
790,emattedilx,cdynelx@sciencedaily.com,e492rl,2017-04-02 01:56:47
791,lwincklesly,zpaxfordely@about.com,EmkADbw,2016-10-12 16:00:44
792,cridesdalelz,bgussinlz@people.com.cn,poVRFH,2017-07-20 06:31:47
793,ekellym0,htantem0@si.edu,wrobxYx0thc,2017-03-13 10:31:05
794,kcolebornm1,ssutheranm1@bbb.org,naVsWqjKuX,2016-12-07 14:46:51
795,mduxburym2,ereedickm2@wordpress.org,PtdRsdmk9knJ,2017-04-11 16:50:35
796,jspillettm3,acornilsm3@forbes.com,W79BQ9KscD1,2017-05-03 13:23:42
797,lcaramusciam4,acordym4@oakley.com,E5TBC2B7jv8,2017-03-23 05:02:51
798,toclearym5,tfullegarm5@chronoengine.com,JvyW5H,2016-09-24 14:24:50
799,aarnim6,gmatyashevm6@mapquest.com,TJ2HnQaa,2017-01-07 06:15:45
800,hzamboniarim7,omcgrawm7@dmoz.org,sfwCb8h2Q,2016-08-27 00:39:30
801,bgetcliffem8,jmessiterm8@theguardian.com,gfEBB5JPE3Lv,2017-05-26 16:27:53
802,nhemberym9,hmcpheem9@mtv.com,wwzrzdBzL5,2017-08-09 07:22:57
803,dlonglandma,dgabema@gmpg.org,TjIMD1vKaVzU,2017-05-18 09:11:19
804,seadenmb,rretchlessmb@cyberchimps.com,T61wmwsuuV,2016-09-17 20:50:06
805,kdemicomc,mlafflinamc@cargocollective.com,IxBg9Ol8m,2017-03-22 02:10:18
806,gkleynenmd,rcoultermd@livejournal.com,2p87eeWBq,2017-04-09 21:37:30
807,tlillicrapme,ealnerme@springer.com,EdJGEL,2017-04-26 13:03:08
808,mstychmf,ddefewmf@liveinternet.ru,VDmfsi,2017-05-27 11:28:44
809,ccruddacemg,dglasspoolemg@google.com.au,ovLDX1BwO,2017-01-29 23:14:44
810,xcouldwellmh,hedessmh@dailymotion.com,GiotXPF3,2016-08-14 04:28:27
811,swillicottmi,abarbischmi@spotify.com,9RMyR5sBZEpH,2017-05-16 11:39:08
812,semonsmj,acranmeremj@usnews.com,RGTTGF5bx,2017-02-09 22:52:57
813,mrushfordmk,smconiemk@smh.com.au,o5FfBut,2017-07-31 06:46:45
814,gdeeryml,mwardleyml@sciencedaily.com,cBMYbBSwwh,2016-09-23 17:52:06
815,lrappamm,chowfordmm@geocities.com,ycUgZSkFQ,2017-04-16 10:14:11
816,sdeethmn,etremontemn@chronoengine.com,N3z8SmOOZ,2017-04-01 03:49:20
817,rbighammo,ldelapmo@columbia.edu,FbBLJxb,2016-08-26 05:54:05
818,bhallworthmp,dchitsonmp@cdc.gov,JpyhBq,2017-01-25 00:00:02
819,mgransdenmq,harmourmq@bandcamp.com,fs8C6tuwO,2017-06-18 14:57:55
820,cwickensmr,vlequeuxmr@twitter.com,TdMc4I4Et5s,2017-04-24 23:22:15
821,mlegoodms,lthornewillms@flickr.com,vZwZvz,2017-05-29 17:33:40
822,stownsonmt,ygadiemt@ebay.com,dDRyoT5vHn,2017-02-20 00:57:28
823,nsadlermu,lspraggonmu@smh.com.au,CbJglbWjNs,2017-06-17 02:23:52
824,isprattmv,kdahlemv@rakuten.co.jp,SYbxBkRw,2016-12-31 18:18:56
825,rliddingtonmw,dmouncemw@webmd.com,zVwVH1JL3,2016-11-06 12:14:55
826,dblachfordmx,ekyngdonmx@nbcnews.com,YvBFAbWjQgwD,2017-01-07 15:59:10
827,njuppmy,jgomezmy@instagram.com,tCJF8n,2017-02-19 22:13:29
828,mtrenbeymz,ecarlettimz@t-online.de,E5rLEGSSXLl,2016-12-11 03:12:55
829,pgowlern0,jfeldbrinn0@forbes.com,TBJnjp,2016-10-30 18:54:13
830,fmeinekingn1,ryerburyn1@yale.edu,5KbhaP,2017-05-04 00:26:47
831,hmitrovicn2,dcrampn2@fema.gov,gPQcie3v,2016-09-20 05:56:09
832,kfistn3,mladonn3@pinterest.com,aUjr4LidNhM,2017-02-27 05:00:10
833,droyalln4,hfforden4@fotki.com,aSyVXgrMG,2017-06-14 18:07:02
834,lcoffeen5,klamblinn5@netlog.com,w6V11wu3cvM,2016-11-10 22:21:05
835,gcattersonn6,gloven6@unesco.org,U5mUADadYI,2017-01-25 07:50:00
836,baldersleyn7,aringwoodn7@hatena.ne.jp,cgTQPVxA,2016-12-20 00:05:20
837,rsillitoen8,wvereckern8@cnn.com,Two0B7,2017-01-08 12:03:34
838,asearyn9,bbriancen9@blog.com,aDTf3AB0iSf,2017-03-23 17:51:47
839,tbaigentna,mfantonettina@skyrock.com,Al1u94rYD,2016-08-31 12:50:49
840,cpeperellnb,kebbinsnb@theguardian.com,xSARRLJN,2016-11-09 20:40:53
841,maleevync,ashanknc@alibaba.com,FPy4crd6Ruo1,2017-03-02 20:16:33
842,aleavensnd,snormingtonnd@soup.io,uZ31QLjqgwy,2016-10-01 16:28:52
843,agaskingne,mzoephelne@who.int,wcJypOp,2017-05-26 07:36:05
844,lhaselgrovenf,tguillotonnf@loc.gov,rnGcwS,2016-11-15 15:15:13
845,etamburong,srenderng@webeden.co.uk,G1Qw75pypWIM,2017-02-24 09:05:23
846,mthameltnh,agreatbanksnh@acquirethisname.com,uqQjg1iYWX7b,2017-04-24 17:25:50
847,fnotherni,ilanghornni@desdev.cn,A3p6nK,2017-05-09 13:20:30
848,rfarlowenj,achippinnj@homestead.com,x4xpktSzC,2016-09-04 16:08:42
849,nbolandnk,rpillnk@tripod.com,QadiCCuetCV,2016-12-26 15:56:29
850,jjoynl,rraithbienl@timesonline.co.uk,aI9oEpXH4Th,2017-04-29 18:09:56
851,cfranceschnm,amorlnm@dedecms.com,lujOBhu2rl,2017-04-04 17:48:42
852,ggisburnenn,wswindlesnn@blog.com,sJs68LdDoE,2017-07-21 18:06:15
853,tjinkinno,rcollarno@de.vu,TiP83Y,2017-02-01 05:23:52
854,rfullunnp,mreburnnp@histats.com,vSrA1oq9U9M,2017-01-31 19:36:31
855,mharcusnq,fstandleynq@ucsd.edu,YqsIBHo3fO,2017-07-26 20:40:32
856,lsautternr,knormanvillenr@blogtalkradio.com,ukiHCik2cjz,2017-08-09 19:15:25
857,msibbsns,tshellardns@xinhuanet.com,hw2bEt,2017-07-14 15:12:26
858,balsobrooknt,nslitent@narod.ru,6Rsfg6cTEua,2016-11-13 23:33:35
859,llinkienu,mlarrienu@slashdot.org,2OsH8G,2016-11-02 00:20:20
860,rbecerilnv,bbarkhousenv@latimes.com,PBAketqIb,2017-04-14 09:27:50
861,bbissettnw,mmaleckynw@ft.com,uomU5w3l,2017-01-07 00:22:21
862,cdupreynx,epennocknx@imdb.com,VqMCfga,2016-11-08 08:00:48
863,cmclardieny,bhagartny@istockphoto.com,WyoAL3Vq8n,2017-07-20 08:29:47
864,msizlandnz,mbernatnz@nytimes.com,OF4pyHB9yv,2017-06-03 17:22:07
865,arennleso0,gaseefo0@hexun.com,W7G4XQDsW,2017-04-17 20:53:37
866,mdriverso1,dbignoldo1@gravatar.com,10zmtxT1Q,2017-02-20 21:19:59
867,cwimburyo2,kaddieo2@chicagotribune.com,HEfzAL3t1,2016-11-04 19:56:09
868,aoshielo3,fgrego3@nba.com,bkXRqt99,2017-06-16 14:47:48
869,swoodheado4,mquickfallo4@buzzfeed.com,nVOjfYJz0,2016-09-01 19:13:00
870,gbotteno5,nhintzeo5@elpais.com,s85RcYJK,2016-11-08 16:32:52
871,wbogo6,epittmano6@tamu.edu,mVAbSaMIc,2016-10-20 01:36:52
872,ddregano7,cmarkovao7@shareasale.com,yfQ2rBR9,2017-04-05 05:52:31
873,jfreathyo8,jlawloro8@hubpages.com,iFjPCn82gr5,2017-01-17 15:35:39
874,pgriggo9,mhunstoneo9@i2i.jp,IMOWkA,2017-07-05 09:37:14
875,atenmanoa,cpattisonoa@yelp.com,Juc2J9qxJ,2017-04-24 16:36:33
876,amackettrickob,pminorsob@wp.com,FOkt38EDedX,2017-02-11 16:53:13
877,ksealoveoc,ltremayleoc@amazonaws.com,9CeNfZIpMt,2017-02-15 01:14:48
878,twillfordod,nfendtod@moonfruit.com,qFUpkm6,2017-01-11 21:10:41
879,adelayglesiaoe,rbillinghamoe@baidu.com,UuUxUo,2017-07-20 14:21:24
880,bcordayof,loillerof@pbs.org,jfPup2FN8,2017-04-19 14:09:03
881,bbriamoog,frimbaultog@amazon.co.uk,lTzq8D8L,2017-06-20 01:40:58
882,jribeirooh,sferrariooh@cornell.edu,EqiRgSpCWps,2017-01-20 09:53:08
883,bcanneroi,zjaquestoi@slashdot.org,TgRFaRzH,2017-05-02 13:10:27
884,adreghornoj,rkrauzeoj@goodreads.com,Vq7qaLbc4W,2016-09-26 01:20:27
885,jfeastok,clisettok@squarespace.com,D1KWPIQ,2017-03-23 19:44:15
886,agoldspinkol,ckayeol@hp.com,34TtwOKYtT,2017-05-01 10:10:27
887,odurranom,wmursellom@nasa.gov,4TCVRXA,2016-08-15 02:18:03
888,creadyon,ajimpsonon@salon.com,xmX4tD,2017-01-09 11:34:21
889,frooseoo,kkidstonoo@scribd.com,5W1ofKe2fe,2017-05-11 22:02:55
890,mjeffriesop,ahalewoodop@netvibes.com,MTJxMfA,2016-08-24 19:36:01
891,bbohlingoq,fkiplingoq@unicef.org,fWWwaCUI,2017-02-13 09:14:27
892,jseiteror,dbollansor@baidu.com,ipdru6lyi0hu,2017-06-04 10:24:37
893,tveracruysseos,ypellingtonos@arstechnica.com,ln3kyq,2017-02-01 05:57:46
894,ameaceot,wrobjentsot@mac.com,XDKrHeAaWN9t,2017-03-07 11:36:37
895,kaysikou,kyveou@statcounter.com,wYIjVHqB4FfA,2017-04-30 23:24:38
896,omilleaov,aaitkenov@stumbleupon.com,OhwJLzYCu,2016-09-18 01:05:55
897,rmalbonow,ckleinschmidtow@yolasite.com,2qhAotJM,2017-05-20 12:01:21
898,jwinchurstox,leykelhofox@cam.ac.uk,902qDcH3Ildi,2016-12-09 01:33:05
899,pwinsonoy,jjillionsoy@marketwatch.com,Bb6l57Qn,2016-12-25 22:59:02
900,bbinyonoz,bdavidovitchoz@quantcast.com,W7dW2SznPg,2016-12-05 16:15:04
901,pchristinp0,mugop0@census.gov,Sa5H1kqNb,2017-08-04 19:05:53
902,lrobbiep1,apaulssonp1@opera.com,vAFY9CyY7H7r,2016-10-23 11:54:39
903,bswyndleyp2,ctorransp2@storify.com,JPOHU2hZ,2016-12-03 09:14:41
904,crideoutp3,zveschip3@auda.org.au,OtMT8ZUXC,2016-11-06 00:01:23
905,lbenthamp4,bguillardp4@state.gov,gO2r9u7p,2017-07-18 13:29:43
906,kmccombp5,atimblettp5@xrea.com,A66yWG,2017-01-21 03:20:23
907,lmonceyp6,fstarbuckp6@oakley.com,G6ZC5NOertu,2017-06-04 11:57:55
908,lbakep7,sjunkisonp7@blog.com,LxdhLV8CkQ,2016-08-21 17:08:05
909,cwaddicorp8,iberensp8@businesswire.com,FeIWTZCE,2017-04-27 22:35:13
910,ndeglanvillep9,bcassamp9@dyndns.org,AyPZwYoZWx3u,2016-08-12 00:34:07
911,mpearcepa,kmurraypa@deliciousdays.com,FTNCUi3S7Cw,2016-10-06 01:51:00
912,jjickellspb,sstatenpb@hc360.com,NwRJAFSgvX,2017-05-25 05:38:04
913,stownerpc,bjuggingpc@fotki.com,03P5XvnXhjhe,2016-10-13 10:06:56
914,rspelsburypd,speronepd@bluehost.com,OePDgn0uH4K,2016-09-06 07:21:39
915,lraymentpe,vsmallpiecepe@linkedin.com,yXaihWKWd,2017-03-06 18:02:30
916,kfidockpf,bdemeltpf@apache.org,NXCfNTD8,2016-09-23 16:13:30
917,zrashleighpg,rhainpg@mozilla.org,I4mQtryq3C8,2017-05-29 15:28:23
918,lorrissph,odoggrellph@comcast.net,fIV4NvRxGi8,2016-11-22 23:53:11
919,ccoldridgepi,csimkinspi@friendfeed.com,rDBi14oF,2016-08-21 21:43:52
920,scotmanpj,jmincherpj@weebly.com,Y6dcYDC12V,2017-02-27 09:05:42
921,rcreggpk,ryepiskopovpk@indiatimes.com,i8TWoatMc,2017-01-21 17:45:11
922,laddeycottpl,gmerlepl@intel.com,hUrK9a9h3,2017-02-16 06:02:29
923,hseamarkepm,kbromfieldpm@joomla.org,UCioIs,2016-10-31 22:16:39
924,jmonteauxpn,mfrondtpn@t-online.de,fvm50h6aE,2017-07-16 02:05:28
925,bgubbinpo,hbeckinghampo@soundcloud.com,HRFzLumP,2016-08-30 20:46:38
926,jwatmorepp,ljoselovitchpp@springer.com,XAjP4GpHXMg,2016-11-01 16:06:55
927,trenishpq,cmerrileespq@jiathis.com,KVsjrvrGkX,2017-05-31 01:33:12
928,rkeyhopr,rhartilpr@wunderground.com,5fcbdWAXxFEw,2016-10-27 12:39:54
929,wevesps,jdewsnapps@nba.com,xIiphmM,2017-01-26 22:39:42
930,jturpeypt,kkonkept@linkedin.com,Bw9SnXd,2016-10-30 08:46:33
931,vcowlandpu,mshanklepu@vkontakte.ru,ZrpPCICOMn,2016-10-16 10:21:28
932,amogeypv,rpeceypv@github.com,2esSYND2,2016-11-15 13:12:30
933,dpotapczukpw,hpatleypw@nasa.gov,XmO2nm5I,2016-11-23 19:57:03
934,aattowpx,imarklpx@squidoo.com,VnFvln,2016-09-15 09:02:06
935,ddunnawaypy,nvasyuchovpy@digg.com,d5HnA1,2017-06-27 11:03:38
936,ecrouxpz,dlubertopz@mlb.com,NjWYLUg2s2i,2017-04-25 23:51:55
937,bmacranaldq0,beasterbyq0@nasa.gov,cNlUh5s,2017-07-16 09:44:54
938,rlohdenq1,pyarrq1@nbcnews.com,NILhV86,2017-08-01 13:04:28
939,llathleiffureq2,bknillq2@unicef.org,RLNxiWFw,2016-09-02 20:51:04
940,afortuneq3,acotteyq3@eepurl.com,32Xezppdf5ib,2017-07-22 23:18:03
941,hassenderq4,savelingq4@zimbio.com,vm4J1w6zjTT,2017-03-08 22:01:38
942,cgounyq5,dwinsomq5@spotify.com,xMp8MmYZ,2017-02-18 08:32:07
943,mmatteviq6,ascourfieldq6@wisc.edu,FEbGMhDbVF,2017-05-08 10:14:21
944,cmccloughenq7,nsoaneq7@imdb.com,8BeyJ68Bfmu,2016-09-21 22:09:25
945,zleopoldq8,jhammanq8@ted.com,eNMWWwZ3mf,2016-12-27 18:46:00
946,gdawidq9,schadwickq9@narod.ru,sllyv4Api9,2017-06-23 03:23:17
947,ljimeqa,cosburnqa@pagesperso-orange.fr,ZzJhHGaWCfcS,2017-04-06 16:26:54
948,jvertiganqb,mvogtqb@cbc.ca,tzSud9qqUl,2017-06-04 18:56:34
949,sgennyqc,bpepyeqc@eventbrite.com,v87jRZQGpq,2016-11-14 17:22:09
950,cgrinsdaleqd,rsnowlingqd@sogou.com,Eleqe0e2p,2016-12-11 03:42:52
951,mwalneqe,dsealqe@epa.gov,k3PfDjS,2016-11-12 09:25:55
952,mpicheqf,cphilippeqf@weather.com,Clh9eF1mvm11,2017-01-16 01:50:33
953,ncharkerqg,vdubbleqg@nbcnews.com,h3c3lC7xJLOX,2016-12-21 19:37:32
954,kvauneqh,cdorsetqh@amazonaws.com,mw0R04XLKR5,2016-09-09 12:11:28
955,ahodginqi,jfielderqi@wordpress.com,iM0YsghgCOT,2017-07-19 02:29:30
956,kabrahartqj,tseaqj@dailymotion.com,KgqcXnkl2,2016-12-12 06:35:06
957,aharriagnqk,utrulockeqk@taobao.com,FGgf6J,2016-11-26 22:32:51
958,ilarticeql,ehawkeql@so-net.ne.jp,hdLExeHdl2p,2016-12-04 01:49:33
959,honeleqm,ocopseyqm@flavors.me,Rd1WO35kw,2017-02-01 09:58:31
960,dmaeerqn,cthewqn@nba.com,PHhuRX4paw74,2016-08-10 08:22:07
961,rdavilleqo,jschmidtqo@a8.net,LtvbMUJ,2016-08-16 12:16:10
962,dgrinishinqp,csmullinqp@google.com.au,HbxUUNz05anq,2016-12-23 14:07:13
963,dpaulotqq,vseeborneqq@squidoo.com,iXHFD6cGAeZ,2017-06-27 19:49:59
964,jwhissellqr,dpickersgillqr@house.gov,uigIVgfRkHy,2017-07-01 09:13:38
965,kquigleyqs,sdaggqs@tuttocitta.it,vOX2MvvbF,2017-04-10 04:11:34
966,kbadenqt,cdatonqt@exblog.jp,k0PeF4I,2016-10-31 05:35:23
967,hludvigsenqu,mfrenschqu@google.nl,cuDNsSw,2016-09-30 12:07:14
968,coattesqv,wlangfieldqv@github.com,37KX6X,2017-01-05 19:12:34
969,pasquithqw,rboxeqw@blogs.com,7dzoUrSS5ct,2016-12-29 18:30:36
970,pmacmurrayqx,ahubbinsqx@blogspot.com,O0neWK6AN,2016-09-15 08:27:23
971,dbaukhamqy,egaifordqy@answers.com,t9p5Qf3mS2Ra,2017-04-17 03:53:49
972,acruxtonqz,nwhitleyqz@wix.com,oEOMMBi0WJDk,2017-05-01 18:59:51
973,epicottr0,sholdallr0@delicious.com,k7YOtfKa,2017-03-26 18:23:21
974,dpolkr1,vaddingtonr1@deviantart.com,fi7CsXYOu6ub,2017-04-08 06:41:05
975,apickerellr2,tchipmanr2@answers.com,QEXskw,2016-11-08 20:11:12
976,lliddelr3,dgantleyr3@freewebs.com,mgoE3E4rF,2016-10-17 21:51:58
977,ablazicr4,sriccardr4@pinterest.com,cGbqR5Llg,2016-09-20 05:59:13
978,cswindinr5,wmachonr5@sourceforge.net,FVHnooDr1JiM,2017-06-14 11:05:11
979,cpylkynytonr6,godeveyr6@java.com,K98izigx,2017-06-13 15:07:46
980,cmarkovichr7,bbraunterr7@ow.ly,JtXqNS,2016-12-04 07:05:02
981,lworsamr8,rhekkertr8@weibo.com,MpDhIalGW,2016-10-04 05:03:14
982,hlemerchantr9,rdefilippor9@dell.com,pLH4ty89P7r1,2017-05-31 16:50:57
983,gbaynamra,isaunderra@mayoclinic.com,4mlJJGNanzmL,2016-11-09 19:15:26
984,grableyrb,dstredderrb@parallels.com,VdYiAONn,2016-11-18 04:24:50
985,kprivettrc,djoycerc@ucoz.ru,dOqle16iSUKw,2017-05-09 02:14:33
986,gdoncasterrd,prizziellord@addtoany.com,6i28jfc7h0,2017-01-26 16:35:47
987,dkubisre,mgaliare@booking.com,MwAM0z,2017-05-26 00:17:45
988,rbodicumrf,mkeerrf@microsoft.com,JlZMv203,2017-08-06 20:32:29
989,cferrarellorg,rkellingrg@ezinearticles.com,IloMHz,2016-08-27 02:00:33
990,mmccaheyrh,cghidonirh@wikia.com,eB4CTa3RYi,2016-08-20 23:44:23
991,hjansari,emackrillri@ebay.com,5bOlEQZmMh,2017-03-17 00:14:35
992,gdelasallerj,mneverj@dropbox.com,TnlYMbHjRP,2017-06-10 18:21:34
993,nbeiderbeckrk,atwellrk@smh.com.au,L4r96yR0,2016-09-06 11:00:57
994,kivettrl,rsineathrl@cnbc.com,Od9OqYxQJ,2016-09-13 04:27:24
995,ehasardrm,jpettersrm@joomla.org,h4RPDnE,2017-07-29 08:49:25
996,chusbyrn,kjosipovitzrn@unblog.fr,bF16F6vjJ,2016-12-17 04:33:54
997,nsheldrickro,jingermanro@t.co,nW2dooU0,2016-08-20 17:49:33
998,sannandalerp,bpopplestonerp@patch.com,Afas1V4,2016-12-11 01:36:56
999,fdeverauxrq,dgillanirq@youku.com,hhIbQiac,2017-02-26 06:05:43
1000,bwrigleyrr,jgravattrr@amazonaws.com,xO0rRx,2017-03-29 12:51:26
